"","Species","Trophic_level"
"1","Urospermum picroides","Plant"
"2","Sonchus tenerrimus","Plant"
"3","Lavandula stoechas","Plant"
"4","Sonchus bulbosus","Plant"
"5","Euphorbia segetalis","Plant"
"6","Convolvulus althaeoides","Plant"
"7","Lobularia maritima","Plant"
"8","Lathyrus clymenum","Plant"
"9","Thymelaea hirsuta","Plant"
"10","Carpobrotus acinaciformis","Plant"
"11","Daucus carota","Plant"
"12","Echium sabulicola","Plant"
"13","Eryngium campestre","Plant"
"14","Petrosedum sediforme","Plant"
"15","Allium ampeloprasum","Plant"
"16","Opuntia stricta","Plant"
"17","Cistus albidus","Plant"
"18","Salvia rosmarinus","Plant"
"19","Cistus salviifolius","Plant"
"20","Cistus monspeliensis","Plant"
"21","Vicia lutea","Plant"
"22","Lotus dorycnium","Plant"
"23","Helichrysum stoechas","Plant"
"24","Tuberaria guttata","Plant"
"25","Galactites tomentosus","Plant"
"26","Bituminaria bituminosa","Plant"
"27","Lomelosia stellata","Plant"
"28","Brassica fruticulosa","Plant"
"29","Ruta chalepensis","Plant"
"30","Dianthus caryophyllus","Plant"
"31","Hypericum perfoliatum","Plant"
"32","Cistus parviflorus","Plant"
"33","Teucrium capitatum","Plant"
"34","Ononis pubescens","Plant"
"35","Satureja thymbra","Plant"
"36","Genista acanthoclada","Plant"
"37","Stachys cretica","Plant"
"38","Hypericum empetrifolium","Plant"
"39","Salvia fruticosa","Plant"
"40","Sonchus asper","Plant"
"41","Leontodon tuberosus","Plant"
"42","Hypochaeris achyrophorus","Plant"
"43","Salvia viridis","Plant"
"44","Crepis commutata","Plant"
"45","Verbascum sinuatum","Plant"
"46","Cistus creticus","Plant"
"47","Crepis multiflora","Plant"
"48","Pseudopodospermum elatum","Plant"
"49","Thymbra capitata","Plant"
"50","Campanula lyrata","Plant"
"51","Prasium majus","Plant"
"52","Pimpinella cretica","Plant"
"53","Anthemis chia","Plant"
"54","Vicia hybrida","Plant"
"55","Glaucium flavum","Plant"
"56","Allium sipyleum","Plant"
"57","Picris rhagadioloides","Plant"
"58","Origanum onites","Plant"
"59","Papaver rhoeas","Plant"
"60","Pallenis spinosa","Plant"
"61","Scandix pecten-veneris","Plant"
"62","Brassica arvensis","Plant"
"63","Cardopatium corymbosum","Plant"
"64","Glebionis coronaria","Plant"
"65","Fumana thymifolia","Plant"
"66","Allium exile","Plant"
"67","Teucrium divaricatum","Plant"
"68","Teucrium brevifolium","Plant"
"69","Fumana arabica","Plant"
"70","Centaurium tenuiflorum","Plant"
"71","Pimpinella peregrina","Plant"
"72","Muscari comosum","Plant"
"73","Vicia peregrina","Plant"
"74","Crupina crupinastrum","Plant"
"75","Gladiolus italicus","Plant"
"76","Anchusa undulata","Plant"
"77","Trifolium angustifolium","Plant"
"78","Trifolium campestre","Plant"
"79","Sinapis alba","Plant"
"80","Legousia falcata","Plant"
"81","Trifolium clypeatum","Plant"
"82","Smyrnium perfoliatum","Plant"
"83","Anacamptis pyramidalis","Plant"
"84","Malva unguiculata","Plant"
"85","Thymbra spicata","Plant"
"86","Vicia cretica","Plant"
"87","Valerianella vesicaria","Plant"
"88","Anthyllis hermanniae","Plant"
"89","Geranium pyrenaicum","Plant"
"90","Filipendula ulmaria","Plant"
"91","Verbena officinalis","Plant"
"92","Ranunculus acris","Plant"
"93","Trifolium repens","Plant"
"94","Achillea millefolium","Plant"
"95","Arctium tomentosum","Plant"
"96","Tanacetum vulgare","Plant"
"97","Ballota nigra","Plant"
"98","Cirsium vulgare","Plant"
"99","Cirsium arvense","Plant"
"100","Trifolium pratense","Plant"
"101","Carduus crispus","Plant"
"102","Symphytum officinale","Plant"
"103","Ranunculus repens","Plant"
"104","Melilotus officinalis","Plant"
"105","Buddleja davidii","Plant"
"106","Lathyrus latifolius","Plant"
"107","Eupatorium cannabinum","Plant"
"108","Linaria vulgaris","Plant"
"109","Hypericum perforatum","Plant"
"110","Picris hieracioides","Plant"
"111","Sonchus oleraceus","Plant"
"112","Rosa canina","Plant"
"113","Alliaria petiolata","Plant"
"114","Geranium nodosum","Plant"
"115","Convolvulus arvensis","Plant"
"116","Vicia sepium","Plant"
"117","Mentha aquatica","Plant"
"118","Silene dioica","Plant"
"119","Heracleum sphondylium","Plant"
"120","Pentaglottis sempervirens","Plant"
"121","Carduus tenuiflorus","Plant"
"122","Stachys sylvatica","Plant"
"123","Lotus corniculatus","Plant"
"124","Anthriscus sylvestris","Plant"
"125","Lythrum salicaria","Plant"
"126","Pulicaria dysenterica","Plant"
"127","Epilobium hirsutum","Plant"
"128","Vicia sativa","Plant"
"129","Rubus fruticosus","Plant"
"130","Cytisus scoparius","Plant"
"131","Echium vulgare","Plant"
"132","Reseda luteola","Plant"
"133","Calluna vulgaris","Plant"
"134","Chamaemelum nobile","Plant"
"135","Brassica napus","Plant"
"136","Carduus nutans","Plant"
"137","Matricaria chamomilla","Plant"
"138","Senecio inaequidens","Plant"
"139","Dipsacus fullonum","Plant"
"140","Clematis vitalba","Plant"
"141","Origanum vulgare","Plant"
"142","Reseda lutea","Plant"
"143","Scrophularia nodosa","Plant"
"144","Carlina vulgaris","Plant"
"145","Centaurea jacea","Plant"
"146","Pilosella officinarum","Plant"
"147","Clinopodium vulgare","Plant"
"148","Glechoma hederacea","Plant"
"149","Cichorium intybus","Plant"
"150","Vicia cracca","Plant"
"151","Scrophularia auriculata","Plant"
"152","Malva alcea","Plant"
"153","Lotus pedunculatus","Plant"
"154","Leucanthemum vulgare","Plant"
"155","Stachys palustris","Plant"
"156","Crepis capillaris","Plant"
"157","Solidago canadensis","Plant"
"158","Geranium molle","Plant"
"159","Jacobaea vulgaris","Plant"
"160","Potentilla reptans","Plant"
"161","Erodium cicutarium","Plant"
"162","Arctium minus","Plant"
"163","Cornus sanguinea","Plant"
"164","Centaurea nigra","Plant"
"165","Centaurea cyanus","Plant"
"166","Campanula portenschlagiana","Plant"
"167","Hypochaeris radicata","Plant"
"168","Salix alba","Plant"
"169","Lamium purpureum","Plant"
"170","Knautia arvensis","Plant"
"171","Onobrychis viciifolia","Plant"
"172","Lathyrus sylvestris","Plant"
"173","Solanum tuberosum","Plant"
"174","Bryonia cretica","Plant"
"175","Apium graveolens","Plant"
"176","Coriandrum sativum","Plant"
"177","Thymus vulgaris","Plant"
"178","Melissa officinalis","Plant"
"179","Plantago lanceolata","Plant"
"180","Ligustrum vulgare","Plant"
"181","Calystegia sepium","Plant"
"182","Chaerophyllum temulum","Plant"
"183","Chamaenerion angustifolium","Plant"
"184","Malva sylvestris","Plant"
"185","Pentanema squarrosum","Plant"
"186","Lotus tenuis","Plant"
"187","Crepis biennis","Plant"
"188","Melilotus altissimus","Plant"
"189","Hedera helix","Plant"
"190","Symphoricarpos albus","Plant"
"191","Sorbaria sorbifolia","Plant"
"192","Spiraea douglasii","Plant"
"193","Urtica dioica","Plant"
"194","Geranium dissectum","Plant"
"195","Mentha suaveolens","Plant"
"196","Lapsana communis","Plant"
"197","Sonchus arvensis","Plant"
"198","Lonicera caprifolium","Plant"
"199","Hibiscus syriacus","Plant"
"200","Calendula officinalis","Plant"
"201","Cirsium oleraceum","Plant"
"202","Medicago lupulina","Plant"
"203","Angelica sylvestris","Plant"
"204","Berteroa incana","Plant"
"205","Silene vulgaris","Plant"
"206","Lamium album","Plant"
"207","Saponaria officinalis","Plant"
"208","Holcus lanatus","Plant"
"209","Heuchera sanguinea","Plant"
"210","Echinacea purpurea","Plant"
"211","Iberis sempervirens","Plant"
"212","Prunella vulgaris","Plant"
"213","Pilosella aurantiaca","Plant"
"214","Aquilegia vulgaris","Plant"
"215","Echinops ritro","Plant"
"216","Lysimachia clethroides","Plant"
"217","Pyracantha coccinea","Plant"
"218","Cornus alba","Plant"
"219","Bellis perennis","Plant"
"220","Medicago sativa","Plant"
"221","Torilis arvensis","Plant"
"222","Pulicaria vulgaris","Plant"
"223","Potentilla recta","Plant"
"224","Reseda alba","Plant"
"225","Reynoutria japonica","Plant"
"226","Pastinaca sativa","Plant"
"227","Polygonum aviculare","Plant"
"228","Teucrium scorodonia","Plant"
"229","Clinopodium nepeta","Plant"
"230","Crepis foetida","Plant"
"231","Erigeron annuus","Plant"
"232","Pilosella piloselloides","Plant"
"233","Melilotus albus","Plant"
"234","Mentha longifolia","Plant"
"235","Oenothera biennis","Plant"
"236","Petrorhagia saxifraga","Plant"
"237","Rorippa sylvestris","Plant"
"238","Scabiosa columbaria","Plant"
"239","Sedum acre","Plant"
"240","Verbascum phlomoides","Plant"
"241","Centaurea stoebe","Plant"
"242","Helianthemum nummularium","Plant"
"243","Taraxacum officinale","Plant"
"244","Verbascum nigrum","Plant"
"245","Geranium robertianum","Plant"
"246","Valeriana officinalis","Plant"
"247","Verbascum lychnitis","Plant"
"248","Arctium lappa","Plant"
"249","Centaurea nigrescens","Plant"
"250","Cerastium fontanum","Plant"
"251","Impatiens glandulifera","Plant"
"252","Lysimachia vulgaris","Plant"
"253","Stellaria aquatica","Plant"
"254","Pimpinella major","Plant"
"255","Anthyllis vulneraria","Plant"
"256","Buphthalmum salicifolium","Plant"
"257","Carduus defloratus","Plant"
"258","Dactylorhiza maculata","Plant"
"259","Euphrasia stricta","Plant"
"260","Galeopsis tetrahit","Plant"
"261","Galium lucidum","Plant"
"262","Hieracium bifidum","Plant"
"263","Plantago media","Plant"
"264","Solidago virgaurea","Plant"
"265","Campanula patula","Plant"
"266","Rorippa amphibia","Plant"
"267","Salvia pratensis","Plant"
"268","Cerastium arvense","Plant"
"269","Cerastium carinthiacum","Plant"
"270","Cirsium erisithales","Plant"
"271","Gypsophila repens","Plant"
"272","Oreomecon alpina","Plant"
"273","Saxifraga aizoides","Plant"
"274","Heliosperma pusillum","Plant"
"275","Campanula rotundifolia","Plant"
"276","Gymnadenia conopsea","Plant"
"277","Parnassia palustris","Plant"
"278","Rhinanthus glacialis","Plant"
"279","Barbarea vulgaris","Plant"
"280","Campanula persicifolia","Plant"
"281","Carduus personata","Plant"
"282","Impatiens parviflora","Plant"
"283","Knautia drymeia","Plant"
"284","Mentha arvensis","Plant"
"285","Rhinanthus freynii","Plant"
"286","Salvia glutinosa","Plant"
"287","Heliosperma alpestre","Plant"
"288","Stellaria graminea","Plant"
"289","Aegopodium podagraria","Plant"
"290","Aruncus dioicus","Plant"
"291","Astragalus glycyphyllos","Plant"
"292","Impatiens noli-tangere","Plant"
"293","Lactuca muralis","Plant"
"294","Pimpinella saxifraga","Plant"
"295","Pycnocomon intermedium","Plant"
"296","Cymbalaria muralis","Plant"
"297","Silene saxifraga","Plant"
"298","Coronilla varia","Plant"
"299","Helianthus tuberosus","Plant"
"300","Oxalis pes-caprae","Plant"
"301","Silene flos-cuculi","Plant"
"302","Epilobium ciliatum","Plant"
"303","Geranium sibiricum","Plant"
"304","Sanguisorba minor","Plant"
"305","Campanula glomerata","Plant"
"306","Campanula trachelium","Plant"
"307","Cirsium monspessulanum","Plant"
"308","Clinopodium grandiflorum","Plant"
"309","Filipendula vulgaris","Plant"
"310","Hypericum maculatum","Plant"
"311","Lamium galeobdolon","Plant"
"312","Lupinus polyphyllus","Plant"
"313","Myosotis ramosissima","Plant"
"314","Phyteuma betonicifolium","Plant"
"315","Polygala vulgaris","Plant"
"316","Senecio ovatus","Plant"
"317","Solanum dulcamara","Plant"
"318","Tragopogon pratensis","Plant"
"319","Veronica chamaedrys","Plant"
"320","Crepis paludosa","Plant"
"321","Galium verum","Plant"
"322","Geum rivale","Plant"
"323","Silene nutans","Plant"
"324","Geranium columbinum","Plant"
"325","Silene latifolia","Plant"
"326","Verbascum densiflorum","Plant"
"327","Potentilla argentea","Plant"
"328","Oxalis articulata","Plant"
"329","Veronica persica","Plant"
"330","Geranium phaeum","Plant"
"331","Knautia longifolia","Plant"
"332","Leontodon hispidus","Plant"
"333","Onobrychis montana","Plant"
"334","Phyteuma orbiculare","Plant"
"335","Trifolium montanum","Plant"
"336","Carum carvi","Plant"
"337","Crepis aurea","Plant"
"338","Geranium sylvaticum","Plant"
"339","Horminum pyrenaicum","Plant"
"340","Rhododendron hirsutum","Plant"
"341","Achillea clavennae","Plant"
"342","Campanula barbata","Plant"
"343","Bistorta vivipara","Plant"
"344","Scabiosa triandra","Plant"
"345","Trifolium medium","Plant"
"346","Hedysarum hedysaroides","Plant"
"347","Oxytropis montana","Plant"
"348","Ranunculus polyanthemos","Plant"
"349","Trifolium badium","Plant"
"350","Valeriana montana","Plant"
"351","Aconitum lycoctonum","Plant"
"352","Campanula scheuchzeri","Plant"
"353","Cirsium heterophyllum","Plant"
"354","Betonica alopecuros","Plant"
"355","Stachys alpina","Plant"
"356","Vicia villosa","Plant"
"357","Adenostyles alpina","Plant"
"358","Potentilla erecta","Plant"
"359","Prunella grandiflora","Plant"
"360","Aconitum napellus","Plant"
"361","Allium schoenoprasum","Plant"
"362","Arnica montana","Plant"
"363","Rhinanthus minor","Plant"
"364","Jacobaea alpina","Plant"
"365","Centaurea nervosa","Plant"
"366","Dianthus superbus","Plant"
"367","Hieracium valdepilosum","Plant"
"368","Hypochaeris maculata","Plant"
"369","Agrimonia eupatoria","Plant"
"370","Lathyrus pratensis","Plant"
"371","Saxifraga rotundifolia","Plant"
"372","Rhinanthus alectorolophus","Plant"
"373","Scabiosa lucida","Plant"
"374","Vicia sylvatica","Plant"
"375","Chaerophyllum hirsutum","Plant"
"376","Senecio rupestris","Plant"
"377","Aconitum degenii","Plant"
"378","Prenanthes purpurea","Plant"
"379","Ranunculus platanifolius","Plant"
"380","Galeopsis pubescens","Plant"
"381","Senecio nemorensis","Plant"
"382","Euphrasia officinalis","Plant"
"383","Gentianella rhaetica","Plant"
"384","Hieracium picroides","Plant"
"385","Linaria alpina","Plant"
"386","Epilobium montanum","Plant"
"387","Galeopsis speciosa","Plant"
"388","Gentiana cruciata","Plant"
"389","Teucrium chamaedrys","Plant"
"390","Melampyrum italicum","Plant"
"391","Campanula spicata","Plant"
"392","Erigeron canadensis","Plant"
"393","Stachys recta","Plant"
"394","Campanula rapunculus","Plant"
"395","Cruciata laevipes","Plant"
"396","Ornithogalum pyramidale","Plant"
"397","Sherardia arvensis","Plant"
"398","Genista tinctoria","Plant"
"399","Ligustrum lucidum","Plant"
"400","Bistorta officinalis","Plant"
"401","Cerastium holosteoides","Plant"
"402","Centaurea triumfettii","Plant"
"403","Doronicum austriacum","Plant"
"404","Diplotaxis tenuifolia","Plant"
"405","Betonica officinalis","Plant"
"406","Campanula carnica","Plant"
"407","Lamium orvala","Plant"
"408","Lilium martagon","Plant"
"409","Campanula rapunculoides","Plant"
"410","Pentanema salicinum","Plant"
"411","Tanacetum corymbosum","Plant"
"412","Epilobium dodonaei","Plant"
"413","Hieracium glaucum","Plant"
"414","Ononis spinosa","Plant"
"415","Prunella laciniata","Plant"
"416","Allium carinatum","Plant"
"417","Astrantia major","Plant"
"418","Centaurea scabiosa","Plant"
"419","Sedum album","Plant"
"420","Medicago falcata","Plant"
"421","Oxalis corniculata","Plant"
"422","Helianthus annuus","Plant"
"423","Stellaria media","Plant"
"424","Crepis setosa","Plant"
"425","Helminthotheca echioides","Plant"
"426","Lactuca serriola","Plant"
"427","Trifolium fragiferum","Plant"
"428","Phytolacca americana","Plant"
"429","Glycine max","Plant"
"430","Galium album","Plant"
"431","Galega officinalis","Plant"
"432","Portulaca oleracea","Plant"
"433","Persicaria maculosa","Plant"
"434","Oenanthe pimpinelloides","Plant"
"435","Phacelia tanacetifolia","Plant"
"436","Humulus lupulus","Plant"
"437","Abutilon theophrasti","Plant"
"438","Trachelospermum jasminoides","Plant"
"439","Galinsoga quadriradiata","Plant"
"440","Oxalis acetosella","Plant"
"441","Lavandula angustifolia","Plant"
"442","Ziziphus jujuba","Plant"
"443","Euphorbia helioscopia","Plant"
"444","Galium mollugo","Plant"
"445","Falcaria vulgaris","Plant"
"446","Capsella bursa-pastoris","Plant"
"447","Senecio vulgaris","Plant"
"448","Tripleurospermum inodorum","Plant"
"449","Tanacetum parthenium","Plant"
"450","Galeopsis ladanum","Plant"
"451","Lysimachia arvensis","Plant"
"452","Geranium pusillum","Plant"
"453","Centaurium erythraea","Plant"
"454","Mercurialis annua","Plant"
"455","Dianthus monspessulanus","Plant"
"456","Hypericum richeri","Plant"
"457","Siler montanum","Plant"
"458","Laserpitium gallicum","Plant"
"459","Leucanthemum adustum","Plant"
"460","Phyteuma scorzonerifolium","Plant"
"461","Serratula tinctoria","Plant"
"462","Eriobotrya japonica","Plant"
"463","Salvia elegans","Plant"
"464","Lycium schweinfurthii","Plant"
"465","Nicandra physalodes","Plant"
"466","Lantana camara","Plant"
"467","Senna corymbosa","Plant"
"468","Physalis peruviana","Plant"
"469","Canna indica","Plant"
"470","Eriolarynx australis","Plant"
"471","Thunbergia grandiflora","Plant"
"472","Echinocystis lobata","Plant"
"473","Plumbago auriculata","Plant"
"474","Jasminum mesnyi","Plant"
"475","Polygala fruticosa","Plant"
"476","Tropaeolum majus","Plant"
"477","Brugmansia arborea","Plant"
"478","Camellia sinensis","Plant"
"479","Erica erigena","Plant"
"480","Albuca bracteata","Plant"
"481","Iochroma fuchsioides","Plant"
"482","Fatsia japonica","Plant"
"483","Hydrangea macrophylla","Plant"
"484","Narcissus papyraceus","Plant"
"485","Tetrapanax papyrifer","Plant"
"486","Zantedeschia aethiopica","Plant"
"487","Dombeya × cayeuxii","Plant"
"488","Camellia japonica","Plant"
"489","Anagyris foetida","Plant"
"490","Viburnum suspensum","Plant"
"491","Mahonia japonica","Plant"
"492","Magnolia denudata","Plant"
"493","Vinca difformis","Plant"
"494","Abutilon indicum","Plant"
"495","Arbutus unedo","Plant"
"496","Euphorbia characias","Plant"
"497","Umbellularia californica","Plant"
"498","Erica tetralix","Plant"
"499","Lavandula multifida","Plant"
"500","Magnolia stellata","Plant"
"501","Erica arborea","Plant"
"502","Verbascum levanticum","Plant"
"503","Salvia officinalis","Plant"
"504","Pyrus communis","Plant"
"505","Echium candicans","Plant"
"506","Prunus spinosa","Plant"
"507","Citrus trifoliata","Plant"
"508","Sambucus nigra","Plant"
"509","Borago officinalis","Plant"
"510","Helleborus foetidus","Plant"
"511","Cydonia oblonga","Plant"
"512","Prunus laurocerasus","Plant"
"513","Persea americana","Plant"
"514","Wisteria floribunda","Plant"
"515","Prunus domestica","Plant"
"516","Aesculus × carnea","Plant"
"517","Prunus avium","Plant"
"518","Aesculus hippocastanum","Plant"
"519","Physocarpus opulifolius","Plant"
"520","Liriodendron tulipifera","Plant"
"521","Crataegus monogyna","Plant"
"522","Deutzia scabra","Plant"
"523","Crataegus azarolus","Plant"
"524","Spiraea japonica","Plant"
"525","Spiraea blumei","Plant"
"526","Philadelphus incanus","Plant"
"527","Callistemon citrinus","Plant"
"528","Sida rhombifolia","Plant"
"529","Philadelphus coronarius","Plant"
"530","Vicia faba","Plant"
"531","Brassica juncea","Plant"
"532","Fragaria moschata","Plant"
"533","Lathyrus oleraceus","Plant"
"534","Polygonatum multiflorum","Plant"
"535","Ajuga reptans","Plant"
"536","Rabelera holostea","Plant"
"537","Lonicera xylosteum","Plant"
"538","Trifolium arvense","Plant"
"539","Euphorbia flavicoma","Plant"
"540","Allium ursinum","Plant"
"541","Geranium rotundifolium","Plant"
"542","Trifolium resupinatum","Plant"
"543","Trifolium incarnatum","Plant"
"544","Cirsium palustre","Plant"
"545","Cerastium glomeratum","Plant"
"546","Epilobium tetragonum","Plant"
"547","Trifolium hybridum","Plant"
"548","Lamium maculatum","Plant"
"549","Viola arvensis","Plant"
"550","Crepis pulchra","Plant"
"551","Galium aparine","Plant"
"552","Trifolium dubium","Plant"
"553","Iris pseudacorus","Plant"
"554","Salix viminalis","Plant"
"555","Photinia serratifolia","Plant"
"556","Eschscholzia californica","Plant"
"557","Chelidonium majus","Plant"
"558","Ranunculus auricomus","Plant"
"559","Malus domestica","Plant"
"560","Wisteria sinensis","Plant"
"561","Viburnum lantana","Plant"
"562","Aurinia saxatilis","Plant"
"563","Rubus idaeus","Plant"
"564","Veronica arvensis","Plant"
"565","Aubrieta deltoidea","Plant"
"566","Linum usitatissimum","Plant"
"567","Hippocrepis emerus","Plant"
"568","Medicago arabica","Plant"
"569","Nigella damascena","Plant"
"570","Foeniculum vulgare","Plant"
"571","Anthemis arvensis","Plant"
"572","Abelia chinensis","Plant"
"573","Ribes nigrum","Plant"
"574","Muscari botryoides","Plant"
"575","Centaurea montana","Plant"
"576","Galium saxatile","Plant"
"577","Ranunculus bulbosus","Plant"
"578","Rumex acetosa","Plant"
"579","Saxifraga granulata","Plant"
"580","Cardamine pratensis","Plant"
"581","Scorzoneroides autumnalis","Plant"
"582","Alchemilla vulgaris","Plant"
"583","Cirsium acaule","Plant"
"584","Viscaria vulgaris","Plant"
"585","Rumex acetosella","Plant"
"586","Dianthus deltoides","Plant"
"587","Achillea ptarmica","Plant"
"588","Peucedanum oreoselinum","Plant"
"589","Armeria maritima","Plant"
"590","Jasione montana","Plant"
"591","Lathyrus linifolius","Plant"
"592","Fragaria vesca","Plant"
"593","Symphytum × uplandicum","Plant"
"594","Rosa dumalis","Plant"
"595","Hieracium umbellatum","Plant"
"596","Primula veris","Plant"
"597","Myosotis arvensis","Plant"
"598","Hieracium lachenalii","Plant"
"599","Anemonoides nemorosa","Plant"
"600","Juniperus communis","Plant"
"601","Veronica spicata","Plant"
"602","Convallaria majalis","Plant"
"603","Ajuga pyramidalis","Plant"
"604","Ranunculus ficaria","Plant"
"605","Ribes uva-crispa","Plant"
"606","Prunus spicata","Plant"
"607","Melampyrum pratense","Plant"
"608","Thymus serpyllum","Plant"
"609","Veronica officinalis","Plant"
"610","Sorbus aucuparia","Plant"
"611","Viola riviniana","Plant"
"612","Vincetoxicum hirundinaria","Plant"
"613","Geranium pratense","Plant"
"614","Rhinanthus major","Plant"
"615","Anchusa officinalis","Plant"
"616","Raphanus raphanistrum","Plant"
"617","Bunias orientalis","Plant"
"618","Melampyrum nemorosum","Plant"
"619","Verbascum thapsus","Plant"
"620","Galega orientalis","Plant"
"621","Anchusa arvensis","Plant"
"622","Delphinium consolida","Plant"
"623","Buglossoides arvensis","Plant"
"624","Geranium sanguineum","Plant"
"625","Campanula medium","Plant"
"626","Fumaria officinalis","Plant"
"627","Dactylis glomerata","Plant"
"628","Cota tinctoria","Plant"
"629","Hylotelephium maximum","Plant"
"630","Papaver dubium","Plant"
"631","Medicago × varia","Plant"
"632","Symphytum asperum","Plant"
"633","Campanula latifolia","Plant"
"634","Prunus padus","Plant"
"635","Brassica rapa","Plant"
"636","Fagopyrum esculentum","Plant"
"637","Galeopsis bifida","Plant"
"638","Crepis tectorum","Plant"
"639","Odontites vulgaris","Plant"
"640","Geranium palustre","Plant"
"641","Lamium hybridum","Plant"
"642","Centaurea phrygia","Plant"
"643","Veronica teucrium","Plant"
"644","Veronica longifolia","Plant"
"645","Odontites vernus","Plant"
"646","Hylotelephium telephium","Plant"
"647","Thlaspi arvense","Plant"
"648","Argentina anserina","Plant"
"649","Salix repens","Plant"
"650","Lysimachia europaea","Plant"
"651","Vaccinium × hybridum","Plant"
"652","Vaccinium myrtillus","Plant"
"653","Vaccinium uliginosum","Plant"
"654","Vaccinium vitis-idaea","Plant"
"655","Empetrum nigrum","Plant"
"656","Genista anglica","Plant"
"657","Scorzonera humilis","Plant"
"658","Salix aurita","Plant"
"659","Genista pilosa","Plant"
"660","Succisa pratensis","Plant"
"661","Potentilla montana","Plant"
"662","Vicia pyrenaica","Plant"
"663","Erysimum duriaei","Plant"
"664","Scilla verna","Plant"
"665","Hornungia alpina","Plant"
"666","Pinguicula grandiflora","Plant"
"667","Linaria propinqua","Plant"
"668","Thymus praecox","Plant"
"669","Teucrium pyrenaicum","Plant"
"670","Helleborus viridis","Plant"
"671","Eryngium bourgatii","Plant"
"672","Dianthus hyssopifolius","Plant"
"673","Myosotis martini","Plant"
"674","Erinus alpinus","Plant"
"675","Erica vagans","Plant"
"676","Daboecia cantabrica","Plant"
"677","Erica cinerea","Plant"
"678","Sedum anglicum","Plant"
"679","Pedicularis sylvatica","Plant"
"680","Ulex gallii","Plant"
"681","Narthecium ossifragum","Plant"
"682","Potentilla verna","Plant"
"683","Buxus sempervirens","Plant"
"684","Globularia vulgaris","Plant"
"685","Ranunculus gramineus","Plant"
"686","Malus sylvestris","Plant"
"687","Valeriana tuberosa","Plant"
"688","Astragalus monspessulanus","Plant"
"689","Euphorbia cyparissias","Plant"
"690","Hieracium glaucinum","Plant"
"691","Helianthemum apenninum","Plant"
"692","Prunus mahaleb","Plant"
"693","Aphyllanthes monspeliensis","Plant"
"694","Ornithogalum umbellatum","Plant"
"695","Biscutella laevigata","Plant"
"696","Orchis simia","Plant"
"697","Polygala calcarea","Plant"
"698","Trinia glauca","Plant"
"699","Hippocrepis comosa","Plant"
"700","Medicago minima","Plant"
"701","Linum suffruticosum","Plant"
"702","Rhinanthus pumilus","Plant"
"703","Helianthemum oelandicum","Plant"
"704","Anthyllis montana","Plant"
"705","Leucanthemum graminifolium","Plant"
"706","Lactuca perennis","Plant"
"707","Anthericum liliago","Plant"
"708","Euphorbia exigua","Plant"
"709","Euphorbia nicaeensis","Plant"
"710","Teucrium rouyanum","Plant"
"711","Thymus dolomiticus","Plant"
"712","Carduus nigrescens","Plant"
"713","Pentanema montanum","Plant"
"714","Onobrychis supina","Plant"
"715","Blackstonia perfoliata","Plant"
"716","Petrosedum ochroleucum","Plant"
"717","Fumana procumbens","Plant"
"718","Teucrium botrys","Plant"
"719","Centaurea pectinata","Plant"
"720","Convolvulus cantabrica","Plant"
"721","Coronilla minima","Plant"
"722","Cherleria capillacea","Plant"
"723","Linum narbonense","Plant"
"724","Centaurium pulchellum","Plant"
"725","Teucrium montanum","Plant"
"726","Spiranthes spiralis","Plant"
"727","Seseli montanum","Plant"
"728","Prospero autumnale","Plant"
"729","Ophrys sphegodes","Plant"
"730","Euphorbia esula","Plant"
"731","Pulsatilla vulgaris","Plant"
"732","Orobanche gracilis","Plant"
"733","Orchis purpurea","Plant"
"734","Epipactis atrorubens","Plant"
"735","Galium pusillum","Plant"
"736","Himantoglossum hircinum","Plant"
"737","Linum catharticum","Plant"
"738","Anthericum ramosum","Plant"
"739","Ononis natrix","Plant"
"740","Allium sphaerocephalon","Plant"
"741","Bupleurum falcatum","Plant"
"742","Cynanchica pyrenaica","Plant"
"743","Seseli libanotis","Plant"
"744","Ononis pusilla","Plant"
"745","Linum tenuifolium","Plant"
"746","Arabis hirsuta","Plant"
"747","Thesium divaricatum","Plant"
"748","Orobanche minor","Plant"
"749","Thesium humifusum","Plant"
"750","Galatella linosyris","Plant"
"751","Brassica repanda","Plant"
"752","Muscari neglectum","Plant"
"753","Reseda phyteuma","Plant"
"754","Torilis japonica","Plant"
"755","Acer campestre","Plant"
"756","Orchis mascula","Plant"
"757","Ajuga genevensis","Plant"
"758","Onosma tricerosperma","Plant"
"759","Fumana ericoides","Plant"
"760","Armeria arenaria","Plant"
"761","Ononis striata","Plant"
"762","Arenaria aggregata","Plant"
"763","Euphrasia salisburgensis","Plant"
"764","Minuartia rostrata","Plant"
"765","Carex flacca","Plant"
"766","Vicia tetrasperma","Plant"
"767","Gentianella amarella","Plant"
"768","Anacamptis morio","Plant"
"769","Aegonychon purpurocaeruleum","Plant"
"770","Dictamnus albus","Plant"
"771","Thymus pulegioides","Plant"
"772","Spartium junceum","Plant"
"773","Veronica barrelieri","Plant"
"774","Lotus hirsutus","Plant"
"775","Knautia collina","Plant"
"776","Stachys germanica","Plant"
"777","Peucedanum cervaria","Plant"
"778","Chamaecytisus hirsutus","Plant"
"779","Polygala nicaeensis","Plant"
"780","Stachys heraclea","Plant"
"781","Cephalaria transsylvanica","Plant"
"782","Odontites luteus","Plant"
"783","Pulmonaria hirta","Plant"
"784","Taraxacum levigatum","Plant"
"785","Scorpiurus muricatus","Plant"
"786","Gladiolus communis","Plant"
"787","Picris angustifolia","Plant"
"788","Genista januensis","Plant"
"789","Plantago major","Plant"
"790","Crepis vesicaria","Plant"
"791","Taraxacum campylodes","Plant"
"792","Cistus crispus","Plant"
"793","Teucrium fruticans","Plant"
"794","Cistus ladanifer","Plant"
"795","Asphodelus fistulosus","Plant"
"796","Lavandula pedunculata","Plant"
"797","Malva multiflora","Plant"
"798","Echium plantagineum","Plant"
"799","Thymus mastichina","Plant"
"800","Thapsia villosa","Plant"
"801","Cistus calycinus","Plant"
"802","Andryala integrifolia","Plant"
"803","Cistus halimifolius","Plant"
"804","Retama sphaerocarpa","Plant"
"805","Erophaca baetica","Plant"
"806","Erica scoparia","Plant"
"807","Erica umbellata","Plant"
"808","Armeria velutina","Plant"
"809","Cistus libanotis","Plant"
"810","Scabiosa atropurpurea","Plant"
"811","Chamaemelum fuscatum","Plant"
"812","Erica ciliaris","Plant"
"813","Cerinthe major","Plant"
"814","Ulex australis","Plant"
"815","Leontodon longirostris","Plant"
"816","Anchusa azurea","Plant"
"817","Diplotaxis virgata","Plant"
"818","Linaria viscosa","Plant"
"819","Anemone palmata","Plant"
"820","Lupinus angustifolius","Plant"
"821","Linum bienne","Plant"
"822","Leontodon taraxacoides","Plant"
"823","Centaurea sphaerocephala","Plant"
"824","Taraxacum vulgare","Plant"
"825","Calendula arvensis","Plant"
"826","Arctotheca calendula","Plant"
"827","Phlomis purpurea","Plant"
"828","Genista hirsuta","Plant"
"829","Sedum sexangulare","Plant"
"830","Polygala comosa","Plant"
"831","Jacobaea erucifolia","Plant"
"832","Crataegus laevigata","Plant"
"833","Gentianopsis ciliata","Plant"
"834","Melampyrum arvense","Plant"
"835","Orchis militaris","Plant"
"836","Lathyrus tuberosus","Plant"
"837","Tilia cordata","Plant"
"838","Tilia platyphyllos","Plant"
"839","Primula farinosa","Plant"
"840","Ranunculus montanus","Plant"
"841","Polygaloides chamaebuxus","Plant"
"842","Aster bellidiastrum","Plant"
"843","Dryas octopetala","Plant"
"844","Clinopodium alpinum","Plant"
"845","Tolpis staticifolia","Plant"
"846","Galium anisophyllon","Plant"
"847","Cuscuta epithymum","Plant"
"848","Gentianella obtusifolia","Plant"
"849","Aposeris foetida","Plant"
"850","Myosotis sylvatica","Plant"
"851","Potentilla aurea","Plant"
"852","Homogyne alpina","Plant"
"853","Anthriscus nitida","Plant"
"854","Adenostyles alliariae","Plant"
"855","Carlina acaulis","Plant"
"856","Gentiana asclepiadea","Plant"
"857","Myosotis alpestris","Plant"
"858","Arabis ciliata","Plant"
"859","Jacobaea abrotanifolia","Plant"
"860","Mutellina purpurea","Plant"
"861","Leucanthemum halleri","Plant"
"862","Hieracium villosum","Plant"
"863","Ranunculus alpestris","Plant"
"864","Gentiana clusii","Plant"
"865","Saxifraga androsacea","Plant"
"866","Androsace chamaejasme","Plant"
"867","Saxifraga caesia","Plant"
"868","Lysimachia nemorum","Plant"
"869","Viola biflora","Plant"
"870","Trollius europaeus","Plant"
"871","Willemetia stipitata","Plant"
"872","Stellaria nemorum","Plant"
"873","Melampyrum sylvaticum","Plant"
"874","Heracleum austriacum","Plant"
"875","Tofieldia calyculata","Plant"
"876","Gentiana pannonica","Plant"
"877","Knautia dipsacifolia","Plant"
"878","Veronica aphylla","Plant"
"879","Veronica serpyllifolia","Plant"
"880","Achillea atrata","Plant"
"881","Campanula cochleariifolia","Plant"
"882","Tragopogon orientalis","Plant"
"883","Chaerophyllum aureum","Plant"
"884","Lophiolepis eriophora","Plant"
"885","Erysimum odoratum","Plant"
"886","Clinopodium acinos","Plant"
"887","Dianthus carthusianorum","Plant"
"888","Aster amellus","Plant"
"889","Echinops sphaerocephalus","Plant"
"890","Leucanthemum ircutianum","Plant"
"891","Cynoglossum officinale","Plant"
"892","Erica carnea","Plant"
"893","Gentiana verna","Plant"
"894","Polygala amara","Plant"
"895","Primula elatior","Plant"
"896","Viola reichenbachiana","Plant"
"897","Polygala alpestris","Plant"
"898","Salvia verticillata","Plant"
"899","Carex ericetorum","Plant"
"900","Soldanella alpina","Plant"
"901","Hieracium murorum","Plant"
"902","Euphrasia picta","Plant"
"903","Globularia cordifolia","Plant"
"904","Antennaria dioica","Plant"
"905","Rhodothamnus chamaecistus","Plant"
"906","Cardamine enneaphyllos","Plant"
"907","Crocus vernus","Plant"
"908","Tussilago farfara","Plant"
"909","Silene acaulis","Plant"
"910","Viola hirta","Plant"
"911","Bartsia alpina","Plant"
"912","Cirsium spinosissimum","Plant"
"913","Campanula alpina","Plant"
"914","Pedicularis rostratospicata","Plant"
"915","Larix decidua","Plant"
"916","Petasites albus","Plant"
"917","Chrysosplenium alternifolium","Plant"
"918","Daphne mezereum","Plant"
"919","Rumex scutatus","Plant"
"920","Globularia nudicaulis","Plant"
"921","Potentilla brauneana","Plant"
"922","Veronica alpina","Plant"
"923","Caltha palustris","Plant"
"924","Hepatica nobilis","Plant"
"925","Pulmonaria officinalis","Plant"
"926","Rheum rhabarbarum","Plant"
"927","Helleborus niger","Plant"
"928","Crepis terglouensis","Plant"
"929","Salix retusa","Plant"
"930","Primula minima","Plant"
"931","Phyteuma spicatum","Plant"
"932","Polygonatum verticillatum","Plant"
"933","Thalictrum aquilegiifolium","Plant"
"934","Tripleurospermum maritimum","Plant"
"935","Fragaria viridis","Plant"
"936","Malva neglecta","Plant"
"937","Descurainia sophia","Plant"
"938","Lamium amplexicaule","Plant"
"939","Geum urbanum","Plant"
"940","Lepidium draba","Plant"
"941","Ranunculus arvensis","Plant"
"942","Aethusa cynapium","Plant"
"943","Valeriana locusta","Plant"
"944","Malva moschata","Plant"
"945","Antirrhinum majus","Plant"
"946","Crepis mollis","Plant"
"947","Trifolium rubens","Plant"
"948","Anemonoides sylvestris","Plant"
"949","Myosotis stricta","Plant"
"950","Hieracium alpinum","Plant"
"951","Fumaria muralis","Plant"
"952","Brassica oleracea","Plant"
"953","Melilotus italicus","Plant"
"954","Coleostephus myconis","Plant"
"955","Erodium moschatum","Plant"
"956","Silene gallica","Plant"
"957","Sisymbrium officinale","Plant"
"958","Ranunculus muricatus","Plant"
"959","Spergula arvensis","Plant"
"960","Spergularia purpurea","Plant"
"961","Stachys arvensis","Plant"
"962","Cladanthus mixtus","Plant"
"963","Vicia eriocarpa","Plant"
"964","Cytisus striatus","Plant"
"965","Cytisus multiflorus","Plant"
"966","Lonicera periclymenum","Plant"
"967","Cistus inflatus","Plant"
"968","Digitalis thapsi","Plant"
"969","Linaria spartea","Plant"
"970","Sesamoides purpurascens","Plant"
"971","Tolpis barbata","Plant"
"972","Glandora prostrata","Plant"
"973","Glebionis segetum","Plant"
"974","Reseda media","Plant"
"975","Brassica barrelieri","Plant"
"976","Cardamine hirsuta","Plant"
"977","Sanguisorba verrucosa","Plant"
"978","Epilobium brachycarpum","Plant"
"979","Lupinus luteus","Plant"
"980","Epilobium parviflorum","Plant"
"981","Carex hirta","Plant"
"982","Viburnum opulus","Plant"
"983","Circaea lutetiana","Plant"
"984","Veronica filiformis","Plant"
"985","Anthriscus cerefolium","Plant"
"986","Sanguisorba officinalis","Plant"
"987","Euonymus europaeus","Plant"
"988","Rumex obtusifolius","Plant"
"989","Potentilla sterilis","Plant"
"990","Salvia nubicola","Plant"
"991","Juglans regia","Plant"
"992","Hypericum hirsutum","Plant"
"993","Thapsia foetida","Plant"
"994","Helichrysum serotinum","Plant"
"995","Andryala ragusina","Plant"
"996","Parentucellia viscosa","Plant"
"997","Quercus suber","Plant"
"998","Quercus coccifera","Plant"
"999","Sesamoides interrupta","Plant"
"1000","Pulicaria odora","Plant"
"1001","Asphodelus ramosus","Plant"
"1002","Ruta montana","Plant"
"1003","Valeriana calcitrapae","Plant"
"1004","Quercus ilex","Plant"
"1005","Genista triacanthos","Plant"
"1006","Plantago coronopus","Plant"
"1007","Gladiolus illyricus","Plant"
"1008","Campanula lusitanica","Plant"
"1009","Osyris lanceolata","Plant"
"1010","Pistacia lentiscus","Plant"
"1011","Lathyrus vernus","Plant"
"1012","Onopordum acanthium","Plant"
"1013","Myosotis scorpioides","Plant"
"1014","Allium oleraceum","Plant"
"1015","Linaria repens","Plant"
"1016","Leontodon saxatilis","Plant"
"1017","Rosa spinosissima","Plant"
"1018","Centaurium littorale","Plant"
"1019","Eryngium maritimum","Plant"
"1020","Viola lutea","Plant"
"1021","Digitalis purpurea","Plant"
"1022","Ulex europaeus","Plant"
"1023","Hyacinthoides non-scripta","Plant"
"1024","Primula vulgaris","Plant"
"1025","Carex panicea","Plant"
"1026","Cotoneaster franchetii","Plant"
"1027","Salvia verbenaca","Plant"
"1028","Anthoxanthum odoratum","Plant"
"1029","Conopodium majus","Plant"
"1030","Hypericum androsaemum","Plant"
"1031","Poa annua","Plant"
"1032","Smyrnium olusatrum","Plant"
"1033","Cerastium tomentosum","Plant"
"1034","Chenopodium album","Plant"
"1035","Geranium versicolor","Plant"
"1036","Spiraea × arguta","Plant"
"1037","Rosa rubiginosa","Plant"
"1038","Escallonia rubra","Plant"
"1039","Leucanthemum × superbum","Plant"
"1040","Salvia microphylla","Plant"
"1041","Fuchsia magellanica","Plant"
"1042","Laburnum × watereri","Plant"
"1043","Ribes sanguineum","Plant"
"1044","Rhododendron davidi","Plant"
"1045","Viburnum tinus","Plant"
"1046","Viola odorata","Plant"
"1047","Oxalis debilis","Plant"
"1048","Valeriana rubra","Plant"
"1049","Petunia × hybrida","Plant"
"1050","Calibrachoa parviflora","Plant"
"1051","Brachyglottis greyi","Plant"
"1052","Buddleja globosa","Plant"
"1053","Begonia cucullata","Plant"
"1054","Cotoneaster frigidus","Plant"
"1055","Helichrysum italicum","Plant"
"1056","Malva arborea","Plant"
"1057","Allium triquetrum","Plant"
"1058","Berberis darwinii","Plant"
"1059","Tilia europaea","Plant"
"1060","Dimorphotheca ecklonis","Plant"
"1061","Erigeron glaucus","Plant"
"1062","Linaria purpurea","Plant"
"1063","Crocosmia × crocosmiiflora","Plant"
"1064","Lathyrus odoratus","Plant"
"1065","Verbena bonariensis","Plant"
"1066","Tagetes erecta","Plant"
"1067","Fallopia baldschuanica","Plant"
"1068","Malus prunifolia","Plant"
"1069","Lonicera ligustrina","Plant"
"1070","Stachys byzantina","Plant"
"1071","Mentha × piperita","Plant"
"1072","Spiraea × billardii","Plant"
"1073","Alcea rosea","Plant"
"1074","Galium odoratum","Plant"
"1075","Phaseolus vulgaris","Plant"
"1076","Persicaria lapathifolia","Plant"
"1077","Trifolium alexandrinum","Plant"
"1078","Conium maculatum","Plant"
"1079","Rubus caesius","Plant"
"1080","Sanicula europaea","Plant"
"1081","Epilobium obscurum","Plant"
"1082","Veronica montana","Plant"
"1083","Rubus armeniacus","Plant"
"1084","Parthenocissus quinquefolia","Plant"
"1085","Asparagus officinalis","Plant"
"1086","Nepeta racemosa","Plant"
"1087","Dasiphora fruticosa","Plant"
"1088","Hemerocallis lilioasphodelus","Plant"
"1089","Satureja montana","Plant"
"1090","Malva trimestris","Plant"
"1091","Hibiscus trionum","Plant"
"1092","Achillea filipendulina","Plant"
"1093","Solanum lycopersicum","Plant"
"1094","Sideritis scardica","Plant"
"1095","Satureja hortensis","Plant"
"1096","Psammophiliella muralis","Plant"
"1097","Platycodon grandiflorus","Plant"
"1098","Phedimus hybridus","Plant"
"1099","Lysimachia punctata","Plant"
"1100","Rosa corymbifera","Plant"
"1101","Dianthus barbatus","Plant"
"1102","Silene coronaria","Plant"
"1103","Alcea biennis","Plant"
"1104","Aesculus parviflora","Plant"
"1105","Coreopsis verticillata","Plant"
"1106","Jacobaea maritima","Plant"
"1107","Mentha spicata","Plant"
"1108","Corydalis cava","Plant"
"1109","Chaenomeles japonica","Plant"
"1110","Amelanchier × lamarckii","Plant"
"1111","Weigela florida","Plant"
"1112","Campanula poscharskyana","Plant"
"1113","Cucurbita pepo","Plant"
"1114","Eriocapitella hupehensis","Plant"
"1115","Salvia yangii","Plant"
"1116","Sisymbrium loeselii","Plant"
"1117","Carduus acanthoides","Plant"
"1118","Lupinus albus","Plant"
"1119","Senecio vernalis","Plant"
"1120","Nepeta cataria","Plant"
"1121","Chaerophyllum bulbosum","Plant"
"1122","Acer pseudoplatanus","Plant"
"1123","Erysimum crepidifolium","Plant"
"1124","Euphorbia spathulata","Plant"
"1125","Salvia nemorosa","Plant"
"1126","Arenaria serpyllifolia","Plant"
"1127","Chondrilla juncea","Plant"
"1128","Helichrysum arenarium","Plant"
"1129","Hesperis matronalis","Plant"
"1130","Scabiosa ochroleuca","Plant"
"1131","Campanula bononiensis","Plant"
"1132","Scabiosa canescens","Plant"
"1133","Galium glaucum","Plant"
"1134","Malva thuringiaca","Plant"
"1135","Tragopogon dubius","Plant"
"1136","Senecio sylvaticus","Plant"
"1137","Althaea officinalis","Plant"
"1138","Lonicera tatarica","Plant"
"1139","Vicia hirsuta","Plant"
"1140","Vinca major","Plant"
"1141","Scutellaria altissima","Plant"
"1142","Veronica austriaca","Plant"
"1143","Geranium macrorrhizum","Plant"
"1144","Salvia farinacea","Plant"
"1145","Dahlia coccinea","Plant"
"1146","Salvia coccinea","Plant"
"1147","Ageratum houstonianum","Plant"
"1148","Veronicastrum virginicum","Plant"
"1149","Telekia speciosa","Plant"
"1150","Agastache urticifolia","Plant"
"1151","Rudbeckia hirta","Plant"
"1152","Robinia pseudoacacia","Plant"
"1153","Hydrangea arborescens","Plant"
"1154","Cephalaria gigantea","Plant"
"1155","Allium cepa","Plant"
"1156","Eurybia divaricata","Plant"
"1157","Persicaria orientalis","Plant"
"1158","Allium atropurpureum","Plant"
"1159","Bryonia alba","Plant"
"1160","Papaver somniferum","Plant"
"1161","Echinops exaltatus","Plant"
"1162","Cotoneaster acutifolius","Plant"
"1163","Liatris pycnostachya","Plant"
"1164","Syringa vulgaris","Plant"
"1165","Campanula serrata","Plant"
"1166","Gentianella praecox","Plant"
"1167","Viola declinata","Plant"
"1168","Galium boreale","Plant"
"1169","Asperula tinctoria","Plant"
"1170","Astragalus cicer","Plant"
"1171","Cirsium pannonicum","Plant"
"1172","Knautia kitaibelii","Plant"
"1173","Lotus germanicus","Plant"
"1174","Allium scorodoprasum","Plant"
"1175","Trifolium alpestre","Plant"
"1176","Gladiolus imbricatus","Plant"
"1177","Valeriana excelsa","Plant"
"1178","Comarum palustre","Plant"
"1179","Rubus arcticus","Plant"
"1180","Astragalus alpinus","Plant"
"1181","Achillea salicifolia","Plant"
"1182","Galium uliginosum","Plant"
"1183","Angelica archangelica","Plant"
"1184","Veronica orchidea","Plant"
"1185","Viola tricolor","Plant"
"1186","Cuscuta campestris","Plant"
"1187","Pentanema britannica","Plant"
"1188","Ranunculus breyninus","Plant"
"1189","Mentha pulegium","Plant"
"1190","Seseli annuum","Plant"
"1191","Potentilla incana","Plant"
"1192","Rhinanthus rumelicus","Plant"
"1193","Achillea distans","Plant"
"1194","Peucedanum officinale","Plant"
"1195","Allium saxatile","Plant"
"1196","Pentanema ensifolium","Plant"
"1197","Cephalaria radiata","Plant"
"1198","Centaurea reichenbachii","Plant"
"1199","Trifolium aureum","Plant"
"1200","Trifolium alpinum","Plant"
"1201","Linum austriacum","Plant"
"1202","Xeranthemum cylindraceum","Plant"
"1203","Thalictrum minus","Plant"
"1204","Thalictrum lucidum","Plant"
"1205","Allium denudatum","Plant"
"1206","Klasea radiata","Plant"
"1207","Chaerophyllum aromaticum","Plant"
"1208","Galium pumilum","Plant"
"1209","Ononis arvensis","Plant"
"1210","Valeriana tripteris","Plant"
"1211","Allium lusitanicum","Plant"
"1212","Erigeron glabratus","Plant"
"1213","Pinguicula alpina","Plant"
"1214","Valeriana saxatilis","Plant"
"1215","Hieracium piliferum","Plant"
"1216","Primula auricula","Plant"
"1217","Hieracium pilosum","Plant"
"1218","Leontopodium nivale","Plant"
"1219","Cytisus oromediterraneus","Plant"
"1220","Leucanthemopsis alpina","Plant"
"1221","Armeria caespitosa","Plant"
"1222","Jasione crispa","Plant"
"1223","Biscutella intermedia","Plant"
"1224","Adenocarpus hispanicus","Plant"
"1225","Jurinea humilis","Plant"
"1226","Senecio pyrenaicus","Plant"
"1227","Sedum brevifolium","Plant"
"1228","Silene ciliata","Plant"
"1229","Pilosella argyrocoma","Plant"
"1230","Pilosella vahlii","Plant"
"1231","Sedum candolleanum","Plant"
"1232","Euphrasia willkommii","Plant"
"1233","Gentiana lutea","Plant"
"1234","Gagea nevadensis","Plant"
"1235","Allium subvillosum","Plant"
"1236","Diplotaxis ibicensis","Plant"
"1237","Erodium chium","Plant"
"1238","Malva subovata","Plant"
"1239","Medicago arborea","Plant"
"1240","Ephedra fragilis","Plant"
"1241","Zygophyllum creticum","Plant"
"1242","Narcissus tazetta","Plant"
"1243","Withania frutescens","Plant"
"1244","Heliotropium europaeum","Plant"
"1245","Euphorbia dendroides","Plant"
"1246","Lotus cytisoides","Plant"
"1247","Anthemis maritima","Plant"
"1248","Calystegia soldanella","Plant"
"1249","Polygonum maritimum","Plant"
"1250","Cakile maritima","Plant"
"1251","Lonicera implexa","Plant"
"1252","Santolina chamaecyparissus","Plant"
"1253","Teucrium marum","Plant"
"1254","Clematis flammula","Plant"
"1255","Asphodelus aestivus","Plant"
"1256","Frankenia hirsuta","Plant"
"1257","Suaeda vera","Plant"
"1258","Hyoseris radiata","Plant"
"1259","Medicago littoralis","Plant"
"1260","Limonium minutum","Plant"
"1261","Taraxacum palustre","Plant"
"1262","Astragalus balearicus","Plant"
"1263","Lotus fulgurans","Plant"
"1264","Launaea cervicornis","Plant"
"1265","Asteriscus aquaticus","Plant"
"1266","Euphorbia pithyusa","Plant"
"1267","Euphorbia paralias","Plant"
"1268","Pallenis maritima","Plant"
"1269","Carlina corymbosa","Plant"
"1270","Carlina lanata","Plant"
"1271","Hyoseris scabra","Plant"
"1272","Senecio varicosus","Plant"
"1273","Reichardia tingitana","Plant"
"1274","Crucianella maritima","Plant"
"1275","Medicago marina","Plant"
"1276","Scrophularia canina","Plant"
"1277","Rubus ulmifolius","Plant"
"1278","Urospermum dalechampii","Plant"
"1279","Bellardia trixago","Plant"
"1280","Vicia benghalensis","Plant"
"1281","Trifolium stellatum","Plant"
"1282","Sideritis romana","Plant"
"1283","Sulla coronaria","Plant"
"1284","Punica granatum","Plant"
"1285","Bellis annua","Plant"
"1286","Anacamptis palustris","Plant"
"1287","Kundmannia sicula","Plant"
"1288","Calicotome spinosa","Plant"
"1289","Lupinus gussoneanus","Plant"
"1290","Thymelaea velutina","Plant"
"1291","Anthyllis hystrix","Plant"
"1292","Scolymus hispanicus","Plant"
"1293","Onopordum tauricum","Plant"
"1294","Ferula tingitana","Plant"
"1295","Hirschfeldia incana","Plant"
"1296","Ranunculus paludosus","Plant"
"1297","Plantago lagopus","Plant"
"1298","Tordylium apulum","Plant"
"1299","Centaurea spinosa","Plant"
"1300","Tamarix parviflora","Plant"
"1301","Crepis neglecta","Plant"
"1302","Muscari weissii","Plant"
"1303","Pseudodictamnus acetabulosus","Plant"
"1304","Hypericum triquetrifolium","Plant"
"1305","Calicotome villosa","Plant"
"1306","Lotus ornithopodioides","Plant"
"1307","Centaurea laconica","Plant"
"1308","Reichardia picroides","Plant"
"1309","Candollea mollis","Plant"
"1310","Trigonella balansae","Plant"
"1311","Trifolium nigrescens","Plant"
"1312","Cynoglossum columnae","Plant"
"1313","Medicago disciformis","Plant"
"1314","Vitex agnus-castus","Plant"
"1315","Heliotropium dolosum","Plant"
"1316","Phagnalon rupestre","Plant"
"1317","Orobanche ramosa","Plant"
"1318","Micromeria nervosa","Plant"
"1319","Phlomis fruticosa","Plant"
"1320","Melilotus neapolitanus","Plant"
"1321","Limonium sinuatum","Plant"
"1322","Daucus guttatus","Plant"
"1323","Centaurea raphanina","Plant"
"1324","Anthemis auriculata","Plant"
"1325","Chondrilla ramosissima","Plant"
"1326","Cynara cardunculus","Plant"
"1327","Echium angustifolium","Plant"
"1328","Hypochaeris cretensis","Plant"
"1329","Knautia integrifolia","Plant"
"1330","Anchusa hybrida","Plant"
"1331","Euphorbia terracina","Plant"
"1332","Alkanna tinctoria","Plant"
"1333","Senecio leucanthemifolius","Plant"
"1334","Lotus edulis","Plant"
"1335","Lotus peregrinus","Plant"
"1336","Echium italicum","Plant"
"1337","Silene colorata","Plant"
"1338","Crepis sancta","Plant"
"1339","Anthemis aciphylla","Plant"
"1340","Hedypnois rhagadioloides","Plant"
"1341","Trifolium uniflorum","Plant"
"1342","Crepis rubra","Plant"
"1343","Petrorhagia dubia","Plant"
"1344","Moraea sisyrinchium","Plant"
"1345","Lythrum junceum","Plant"
"1346","Erysimum pusillum","Plant"
"1347","Hymenonema graecum","Plant"
"1348","Anthyllis circinnata","Plant"
"1349","Legousia pentagonia","Plant"
"1350","Hypochaeris glabra","Plant"
"1351","Carduus pycnocephalus","Plant"
"1352","Anthemis rigida","Plant"
"1353","Hypecoum imberbe","Plant"
"1354","Ornithogalum narbonense","Plant"
"1355","Echinops spinosissimus","Plant"
"1356","Thymus pannonicus","Plant"
"1357","Pilosella echioides","Plant"
"1358","Petrosedum rupestre","Plant"
"1359","Ranunculus flammula","Plant"
"1360","Hieracium sabaudum","Plant"
"1361","Artemisia pontica","Plant"
"1362","Grindelia squarrosa","Plant"
"1363","Taraxacum serotinum","Plant"
"1364","Seseli campestre","Plant"
"1365","Linaria genistifolia","Plant"
"1366","Tribulus terrestris","Plant"
"1367","Mentha verticillata","Plant"
"1368","Jacobaea erratica","Plant"
"1369","Orlaya grandiflora","Plant"
"1370","Trifolium hirtum","Plant"
"1371","Leontodon crispus","Plant"
"1372","Sabulina glaucina","Plant"
"1373","Cirsium rivulare","Plant"
"1374","Tripleurospermum tenuifolium","Plant"
"1375","Senecio hercynicus","Plant"
"1376","Lamium garganicum","Plant"
"1377","Centaurium maritimum","Plant"
"1378","Linum trigynum","Plant"
"1379","Colchicum filifolium","Plant"
"1380","Ruta angustifolia","Plant"
"1381","Kickxia cirrhosa","Plant"
"1382","Allium roseum","Plant"
"1383","Geranium berteroanum","Plant"
"1384","Centaurea aspera","Plant"
"1385","Diplotaxis erucoides","Plant"
"1386","Lavandula dentata","Plant"
"1387","Melilotus sulcatus","Plant"
"1388","Reichardia intermedia","Plant"
"1389","Tragopogon porrifolius","Plant"
"1390","Bellis sylvestris","Plant"
"1391","Ononis viscosa","Plant"
"1392","Phagnalon saxatile","Plant"
"1393","Lathyrus cicera","Plant"
"1394","Hedypnois cretica","Plant"
"1395","Allium neapolitanum","Plant"
"1396","Dittrichia viscosa","Plant"
"1397","Fumaria bastardii","Plant"
"1398","Rosa sempervirens","Plant"
"1399","Crocus cambessedesii","Plant"
"1400","Linum strictum","Plant"
"1401","Ophrys bombyliflora","Plant"
"1402","Ophrys speculum","Plant"
"1403","Clematis cirrhosa","Plant"
"1404","Campanula erinus","Plant"
"1405","Ranunculus parviflorus","Plant"
"1406","Ophrys tenthredinifera","Plant"
"1407","Polygala rupestris","Plant"
"1408","Narcissus serotinus","Plant"
"1409","Euphorbia peplus","Plant"
"1410","Euphorbia medicaginea","Plant"
"1411","Euphorbia serrata","Plant"
"1412","Oedemera flavipes","Pollinator"
"1413","Rhodanthidium sticticum","Pollinator"
"1414","Oedemera lurida","Pollinator"
"1415","Psilothrix viridicoerulea","Pollinator"
"1416","Osmia aurulenta","Pollinator"
"1417","Anthophora aestivalis","Pollinator"
"1418","Andrena cinerea","Pollinator"
"1419","Apis mellifera","Pollinator"
"1420","Polistes gallicus","Pollinator"
"1421","Lasioglossum bimaculatum","Pollinator"
"1422","Anthophora retusa","Pollinator"
"1423","Andrena senecionis","Pollinator"
"1424","Megachile pyrenaica","Pollinator"
"1425","Panurgus calcaratus","Pollinator"
"1426","Anthidium septemspinosum","Pollinator"
"1427","Halictus rubicundus","Pollinator"
"1428","Andrena agilissima","Pollinator"
"1429","Mediimorda bipunctata","Pollinator"
"1430","Helorus ruficornis","Pollinator"
"1431","Andrena colletiformis","Pollinator"
"1432","Oxythyrea funesta","Pollinator"
"1433","Seladonia gemmea","Pollinator"
"1434","Plagiolepis pygmaea","Pollinator"
"1435","Lasioglossum pauxillum","Pollinator"
"1436","Callophrys rubi","Pollinator"
"1437","Nomada merceti","Pollinator"
"1438","Hylaeus gredleri","Pollinator"
"1439","Nomada fallax","Pollinator"
"1440","Andrena taraxaci","Pollinator"
"1441","Andrena nigroaenea","Pollinator"
"1442","Mordellistena pumila","Pollinator"
"1443","Oedemera nobilis","Pollinator"
"1444","Bombus terrestris","Pollinator"
"1445","Andrena fabrella","Pollinator"
"1446","Hylaeus variegatus","Pollinator"
"1447","Scolia hirta","Pollinator"
"1448","Ceratina cucurbitina","Pollinator"
"1449","Halictus pyrenaeus","Pollinator"
"1450","Camponotus aethiops","Pollinator"
"1451","Oedemera barbara","Pollinator"
"1452","Hylaeus nigritus","Pollinator"
"1453","Xylocopa violacea","Pollinator"
"1454","Halictus fulvipes","Pollinator"
"1455","Nomada succincta","Pollinator"
"1456","Andrena lepida","Pollinator"
"1457","Osmia dimidiata","Pollinator"
"1458","Andrena villipes","Pollinator"
"1459","Lasioglossum xanthopus","Pollinator"
"1460","Mylabris quadripunctata","Pollinator"
"1461","Panurgus banksianus","Pollinator"
"1462","Platynochaetus setosus","Pollinator"
"1463","Conophorus virescens","Pollinator"
"1464","Hylaeus taeniolatus","Pollinator"
"1465","Sphecodes gibbus","Pollinator"
"1466","Halictus quadricinctus","Pollinator"
"1467","Osmia tricornis","Pollinator"
"1468","Lasioglossum parvulum","Pollinator"
"1469","Andrena haemorrhoa","Pollinator"
"1470","Andrena ovatula","Pollinator"
"1471","Pyronia tithonus","Pollinator"
"1472","Hoplitis adunca","Pollinator"
"1473","Xylocopa iris","Pollinator"
"1474","Andrena tenuistriata","Pollinator"
"1475","Trichodes apiarius","Pollinator"
"1476","Vanessa atalanta","Pollinator"
"1477","Papilio machaon","Pollinator"
"1478","Osmia submicans","Pollinator"
"1479","Lasioglossum interruptum","Pollinator"
"1480","Pieris rapae","Pollinator"
"1481","Gymnosoma rotundatum","Pollinator"
"1482","Megachile argentata","Pollinator"
"1483","Seladonia subaurata","Pollinator"
"1484","Stenopterus rufus","Pollinator"
"1485","Halictus patellatus","Pollinator"
"1486","Merodon albifrons","Pollinator"
"1487","Anthidiellum breviusculum","Pollinator"
"1488","Anthidiellum strigatum","Pollinator"
"1489","Anthidium dalmaticum","Pollinator"
"1490","Hoplitis perezi","Pollinator"
"1491","Bombylius medius","Pollinator"
"1492","Bombylius posticus","Pollinator"
"1493","Anthophora dufourii","Pollinator"
"1494","Megachile montenegrensis","Pollinator"
"1495","Megachile parietina","Pollinator"
"1496","Andrena cinereophila","Pollinator"
"1497","Andrena orientana","Pollinator"
"1498","Andrena merula","Pollinator"
"1499","Cryptocephalus rugicollis","Pollinator"
"1500","Hylaeus imparilis","Pollinator"
"1501","Polistes dominula","Pollinator"
"1502","Eristalis tenax","Pollinator"
"1503","Osmia andrenoides","Pollinator"
"1504","Acmaeoderella villosula","Pollinator"
"1505","Eucera kullenbergi","Pollinator"
"1506","Eucera ebmeri","Pollinator"
"1507","Lasioglossum laticeps","Pollinator"
"1508","Lasioglossum malachurum","Pollinator"
"1509","Lasioglossum marginatum","Pollinator"
"1510","Lasioglossum glabriusculum","Pollinator"
"1511","Trichodes punctatus","Pollinator"
"1512","Anthaxia mundula","Pollinator"
"1513","Anthaxia umbellatarum","Pollinator"
"1514","Osmia caerulescens","Pollinator"
"1515","Hoplitis pallicornis","Pollinator"
"1516","Osmia scutellaris","Pollinator"
"1517","Hylaeus trifidus","Pollinator"
"1518","Nomada rubricollis","Pollinator"
"1519","Lasioglossum leucozonium","Pollinator"
"1520","Eristalinus aeneus","Pollinator"
"1521","Anthophora agama","Pollinator"
"1522","Andrena flavipes","Pollinator"
"1523","Halictus tetrazonianellus","Pollinator"
"1524","Mycterus curculioides","Pollinator"
"1525","Merodon neonanus","Pollinator"
"1526","Acmaeoderella adspersula","Pollinator"
"1527","Anthophora socia","Pollinator"
"1528","Hylaeus lineolatus","Pollinator"
"1529","Hylaeus meridionalis","Pollinator"
"1530","Anthophora dalmatica","Pollinator"
"1531","Osmia moreensis","Pollinator"
"1532","Rhodanthidium septemdentatum","Pollinator"
"1533","Hylaeus punctatus","Pollinator"
"1534","Eucera plumigera","Pollinator"
"1535","Andrena westensis","Pollinator"
"1536","Eumerus basalis","Pollinator"
"1537","Platypygus chrysanthemi","Pollinator"
"1538","Maniola jurtina","Pollinator"
"1539","Blitopertha lineolata","Pollinator"
"1540","Exoprosopa pandora","Pollinator"
"1541","Syritta pipiens","Pollinator"
"1542","Chlorophorus sartor","Pollinator"
"1543","Sphaerophoria scripta","Pollinator"
"1544","Melitaea trivia","Pollinator"
"1545","Pygopleurus foina","Pollinator"
"1546","Lasioglossum transitorium","Pollinator"
"1547","Oxythyrea cinctella","Pollinator"
"1548","Tropinota hirta","Pollinator"
"1549","Anthidium loti","Pollinator"
"1550","Megachile albocristata","Pollinator"
"1551","Megachile albisecta","Pollinator"
"1552","Ceratina parvula","Pollinator"
"1553","Polistes nimpha","Pollinator"
"1554","Eucera curvitarsis","Pollinator"
"1555","Ceratina dallatorreana","Pollinator"
"1556","Lasioglossum anellum","Pollinator"
"1557","Lasioglossum obscuratum","Pollinator"
"1558","Lasioglossum pauperatum","Pollinator"
"1559","Lasioglossum damascenum","Pollinator"
"1560","Chelostoma longifacies","Pollinator"
"1561","Geron gibbosus","Pollinator"
"1562","Andrena variabilis","Pollinator"
"1563","Icteranthidium grohmanni","Pollinator"
"1564","Lasioglossum cristula","Pollinator"
"1565","Macroglossum stellatarum","Pollinator"
"1566","Andrena fuscosa","Pollinator"
"1567","Melecta leucorhyncha","Pollinator"
"1568","Merodon velox","Pollinator"
"1569","Nomiapis equestris","Pollinator"
"1570","Nomiapis monstrosa","Pollinator"
"1571","Acmaeoderella longissima","Pollinator"
"1572","Anthophora nigriceps","Pollinator"
"1573","Osmia versicolor","Pollinator"
"1574","Megascolia maculata","Pollinator"
"1575","Nomada imperialis","Pollinator"
"1576","Nomada lucidula","Pollinator"
"1577","Nomada moravitzii","Pollinator"
"1578","Brachyceratias brevicornis","Pollinator"
"1579","Vanessa cardui","Pollinator"
"1580","Purpuricenus desfontainii","Pollinator"
"1581","Petrorossia hespera","Pollinator"
"1582","Satyrium ilicis","Pollinator"
"1583","Stenurella nigra","Pollinator"
"1584","Chlorophorus varius","Pollinator"
"1585","Physocephala vittata","Pollinator"
"1586","Anthidium taeniatum","Pollinator"
"1587","Hylaeus cornutus","Pollinator"
"1588","Andrena aeneiventris","Pollinator"
"1589","Megachile albonotata","Pollinator"
"1590","Andrena panurgimorpha","Pollinator"
"1591","Andrena crassana","Pollinator"
"1592","Eucera nigrifacies","Pollinator"
"1593","Eucera pseudeucnemidea","Pollinator"
"1594","Eucera penicillata","Pollinator"
"1595","Eucera laxiscopa","Pollinator"
"1596","Ceratina loewi","Pollinator"
"1597","Lasioglossum crassepunctatum","Pollinator"
"1598","Lasioglossum lineare","Pollinator"
"1599","Lasioglossum nitidulum","Pollinator"
"1600","Lasioglossum pygmaeum","Pollinator"
"1601","Colletes similis","Pollinator"
"1602","Osmia spinigera","Pollinator"
"1603","Lasioglossum bicallosum","Pollinator"
"1604","Andrena alfkenelloides","Pollinator"
"1605","Oedemera natolica","Pollinator"
"1606","Paragus tibialis","Pollinator"
"1607","Sceliphron destillatorium","Pollinator"
"1608","Seladonia cephalica","Pollinator"
"1609","Andrena optata","Pollinator"
"1610","Eumerus crassus","Pollinator"
"1611","Stenopterus kraatzi","Pollinator"
"1612","Thyreus ramosus","Pollinator"
"1613","Amegilla albigena","Pollinator"
"1614","Anthaxia thalassophila","Pollinator"
"1615","Celonites abbreviatus","Pollinator"
"1616","Ceylalictus variegatus","Pollinator"
"1617","Eoanthidium insulare","Pollinator"
"1618","Lasioglossum punctatissimum","Pollinator"
"1619","Heriades crenulata","Pollinator"
"1620","Hylaeus nigrifacies","Pollinator"
"1621","Lithurgus tibialis","Pollinator"
"1622","Andrena limata","Pollinator"
"1623","Ceratina bispinosa","Pollinator"
"1624","Sphecodes reticulatus","Pollinator"
"1625","Seladonia phryganica","Pollinator"
"1626","Thyridanthrax elegans","Pollinator"
"1627","Conops flavifrons","Pollinator"
"1628","Parnopes grandior","Pollinator"
"1629","Stomorhina lunata","Pollinator"
"1630","Amictus pictus","Pollinator"
"1631","Anthophora crinipes","Pollinator"
"1632","Anthophora plumipes","Pollinator"
"1633","Protosmia longiceps","Pollinator"
"1634","Eucera proxima","Pollinator"
"1635","Eucera nigrescens","Pollinator"
"1636","Eucera digitata","Pollinator"
"1637","Eucera parvicornis","Pollinator"
"1638","Ceratina nigroaenea","Pollinator"
"1639","Andrena hyemala","Pollinator"
"1640","Halictus brunnescens","Pollinator"
"1641","Anthophora rutilans","Pollinator"
"1642","Andrena morio","Pollinator"
"1643","Andrena rugothorace","Pollinator"
"1644","Merodon natans","Pollinator"
"1645","Oedemera flavipennis","Pollinator"
"1646","Anthophora orientalis","Pollinator"
"1647","Osmia cephalotes","Pollinator"
"1648","Osmia gallarum","Pollinator"
"1649","Colletes brevigena","Pollinator"
"1650","Eucera tricincta","Pollinator"
"1651","Stomylomyia europaea","Pollinator"
"1652","Melanostoma mellinum","Pollinator"
"1653","Acmaeodera crinita","Pollinator"
"1654","Anthaxia brevis","Pollinator"
"1655","Anthidium spiniventre","Pollinator"
"1656","Hoplitis yermasoyiae","Pollinator"
"1657","Hoplitis lysholmi","Pollinator"
"1658","Andrena clypella","Pollinator"
"1659","Hylaeus kahri","Pollinator"
"1660","Eucera seminuda","Pollinator"
"1661","Lasioglossum longirostre","Pollinator"
"1662","Lasioglossum brevicorne","Pollinator"
"1663","Anthaxia praeclara","Pollinator"
"1664","Halictus sexcinctus","Pollinator"
"1665","Osmia ligurica","Pollinator"
"1666","Megachile pilicrus","Pollinator"
"1667","Osmia mustelina","Pollinator"
"1668","Stelis signata","Pollinator"
"1669","Megachile ericetorum","Pollinator"
"1670","Chrysolina americana","Pollinator"
"1671","Gonepteryx cleopatra","Pollinator"
"1672","Eupeodes corollae","Pollinator"
"1673","Chrysanthia flavipes","Pollinator"
"1674","Thyreus picaron","Pollinator"
"1675","Eumerus pusillus","Pollinator"
"1676","Platypygus ridibundus","Pollinator"
"1677","Hemipenthes velutina","Pollinator"
"1678","Coelioxys mandibularis","Pollinator"
"1679","Osmia bicornis","Pollinator"
"1680","Andrena humilis","Pollinator"
"1681","Andrena fulvago","Pollinator"
"1682","Bombus pascuorum","Pollinator"
"1683","Bombus pratorum","Pollinator"
"1684","Bombus lapidarius","Pollinator"
"1685","Bombus hypnorum","Pollinator"
"1686","Andrena rosae","Pollinator"
"1687","Seladonia tumulorum","Pollinator"
"1688","Andrena angustior","Pollinator"
"1689","Lasioglossum lativentre","Pollinator"
"1690","Chelostoma florisomne","Pollinator"
"1691","Hoplitis leucomelana","Pollinator"
"1692","Melitta leporina","Pollinator"
"1693","Nomada fucata","Pollinator"
"1694","Hylaeus signatus","Pollinator"
"1695","Coelioxys inermis","Pollinator"
"1696","Halictus scabiosae","Pollinator"
"1697","Colletes daviesanus","Pollinator"
"1698","Megachile versicolor","Pollinator"
"1699","Megachile centuncularis","Pollinator"
"1700","Anthidium manicatum","Pollinator"
"1701","Lasioglossum calceatum","Pollinator"
"1702","Sphecodes monilicornis","Pollinator"
"1703","Hylaeus communis","Pollinator"
"1704","Hylaeus dilatatus","Pollinator"
"1705","Bombus hortorum","Pollinator"
"1706","Andrena minutula","Pollinator"
"1707","Macropis fulvipes","Pollinator"
"1708","Andrena bicolor","Pollinator"
"1709","Anthophora quadrimaculata","Pollinator"
"1710","Lasioglossum morio","Pollinator"
"1711","Megachile willughbiella","Pollinator"
"1712","Megachile rotundata","Pollinator"
"1713","Andrena dorsata","Pollinator"
"1714","Hylaeus hyalinatus","Pollinator"
"1715","Lasioglossum villosulum","Pollinator"
"1716","Dasypoda hirtipes","Pollinator"
"1717","Andrena minutuloides","Pollinator"
"1718","Colletes hederae","Pollinator"
"1719","Nomada fabriciana","Pollinator"
"1720","Lasioglossum majus","Pollinator"
"1721","Lasioglossum fulvicorne","Pollinator"
"1722","Lasioglossum zonulum","Pollinator"
"1723","Andrena chrysosceles","Pollinator"
"1724","Bombus campestris","Pollinator"
"1725","Melitta nigricans","Pollinator"
"1726","Bombus vestalis","Pollinator"
"1727","Nomada zonata","Pollinator"
"1728","Sphecodes albilabris","Pollinator"
"1729","Sphecodes miniatus","Pollinator"
"1730","Sphecodes geoffrellus","Pollinator"
"1731","Osmia spinulosa","Pollinator"
"1732","Heriades truncorum","Pollinator"
"1733","Hylaeus difformis","Pollinator"
"1734","Hylaeus pictipes","Pollinator"
"1735","Ceratina cyanea","Pollinator"
"1736","Andrena cineraria","Pollinator"
"1737","Lasioglossum politum","Pollinator"
"1738","Bombus bohemicus","Pollinator"
"1739","Megachile ligniseca","Pollinator"
"1740","Osmia leaiana","Pollinator"
"1741","Lasioglossum sexnotatum","Pollinator"
"1742","Chelostoma rapunculi","Pollinator"
"1743","Andrena wilkella","Pollinator"
"1744","Andrena pusilla","Pollinator"
"1745","Chelostoma campanularum","Pollinator"
"1746","Osmia niveata","Pollinator"
"1747","Stelis breviuscula","Pollinator"
"1748","Stelis phaeoptera","Pollinator"
"1749","Sphecodes crassus","Pollinator"
"1750","Hylaeus confusus","Pollinator"
"1751","Andrena florea","Pollinator"
"1752","Nomada flavoguttata","Pollinator"
"1753","Bombus ruderarius","Pollinator"
"1754","Hylaeus brevicornis","Pollinator"
"1755","Macropis europaea","Pollinator"
"1756","Andrena labiata","Pollinator"
"1757","Bombus sylvestris","Pollinator"
"1758","Nomada facilis","Pollinator"
"1759","Megachile genalis","Pollinator"
"1760","Andrena labialis","Pollinator"
"1761","Anthidium punctatum","Pollinator"
"1762","Megachile alpicola","Pollinator"
"1763","Anthophora bimaculata","Pollinator"
"1764","Lasioglossum minutissimum","Pollinator"
"1765","Osmia bicolor","Pollinator"
"1766","Nomada rufipes","Pollinator"
"1767","Andrena fuscipes","Pollinator"
"1768","Sphecodes ephippius","Pollinator"
"1769","Epeolus variegatus","Pollinator"
"1770","Andrena subopaca","Pollinator"
"1771","Lasioglossum semilucens","Pollinator"
"1772","Coelioxys aurolimbatus","Pollinator"
"1773","Sphecodes niger","Pollinator"
"1774","Hoplitis tridentata","Pollinator"
"1775","Eucera longicornis","Pollinator"
"1776","Melitta tricincta","Pollinator"
"1777","Nomada goodeniana","Pollinator"
"1778","Trachusa byssina","Pollinator"
"1779","Andrena scotica","Pollinator"
"1780","Hylaeus incongruus","Pollinator"
"1781","Stelis punctulatissima","Pollinator"
"1782","Anthidium florentinum","Pollinator"
"1783","Colias crocea","Pollinator"
"1784","Philanthus triangulum","Pollinator"
"1785","Sceliphron caementarium","Pollinator"
"1786","Pieris napi","Pollinator"
"1787","Aglais io","Pollinator"
"1788","Cerceris sabulosa","Pollinator"
"1789","Ectophasia crassipennis","Pollinator"
"1790","Megachile melanopyga","Pollinator"
"1791","Paragus bradescui","Pollinator"
"1792","Paragus pecchiolii","Pollinator"
"1793","Halictus simplex","Pollinator"
"1794","Myathropa florea","Pollinator"
"1795","Trichopoda pennipes","Pollinator"
"1796","Pseudoanthidium scapulare","Pollinator"
"1797","Peleteria javana","Pollinator"
"1798","Cerceris rybyensis","Pollinator"
"1799","Lasioglossum lucidulum","Pollinator"
"1800","Aricia agestis","Pollinator"
"1801","Episyrphus balteatus","Pollinator"
"1802","Melitaea athalia","Pollinator"
"1803","Polyommatus icarus","Pollinator"
"1804","Lasioglossum nigripes","Pollinator"
"1805","Ammophila heydeni","Pollinator"
"1806","Eristalis arbustorum","Pollinator"
"1807","Cupido minimus","Pollinator"
"1808","Melitaea didyma","Pollinator"
"1809","Halictus maculatus","Pollinator"
"1810","Nomiapis diversipes","Pollinator"
"1811","Bombus soroeensis","Pollinator"
"1812","Andrena nitidiuscula","Pollinator"
"1813","Billaea fortis","Pollinator"
"1814","Hylaeus sinuatus","Pollinator"
"1815","Lasioglossum limbellum","Pollinator"
"1816","Paragus bicolor","Pollinator"
"1817","Sphecodes pellucidus","Pollinator"
"1818","Hylaeus tyrolensis","Pollinator"
"1819","Melanosoma bicolor","Pollinator"
"1820","Cheilosia ruffipes","Pollinator"
"1821","Coenonympha pamphilus","Pollinator"
"1822","Sphecodes rufiventris","Pollinator"
"1823","Scaeva pyrastri","Pollinator"
"1824","Hylaeus crassanus","Pollinator"
"1825","Lasioglossum intermedium","Pollinator"
"1826","Seladonia confusa","Pollinator"
"1827","Eristalis pertinax","Pollinator"
"1828","Eristalis nemorum","Pollinator"
"1829","Helophilus pendulus","Pollinator"
"1830","Paragus constrictus","Pollinator"
"1831","Lasioglossum albipes","Pollinator"
"1832","Megachile lagopoda","Pollinator"
"1833","Siphona variata","Pollinator"
"1834","Thecophora atra","Pollinator"
"1835","Argynnis paphia","Pollinator"
"1836","Ochlodes sylvanus","Pollinator"
"1837","Volucella zonaria","Pollinator"
"1838","Sicus ferrugineus","Pollinator"
"1839","Gorytes quinquecinctus","Pollinator"
"1840","Paragus haemorrhous","Pollinator"
"1841","Pipizella viduata","Pollinator"
"1842","Sphecodes ferruginatus","Pollinator"
"1843","Aphantopus hyperantus","Pollinator"
"1844","Cerceris eryngii","Pollinator"
"1845","Lindenius albilabris","Pollinator"
"1846","Neoascia podagrica","Pollinator"
"1847","Passaloecus singularis","Pollinator"
"1848","Phania funesta","Pollinator"
"1849","Neoascia tenur","Pollinator"
"1850","Melanostoma scalare","Pollinator"
"1851","Scolitantides orion","Pollinator"
"1852","Cheilosia himantopus","Pollinator"
"1853","Argogorytes mystaceus","Pollinator"
"1854","Cerceris arenaria","Pollinator"
"1855","Chrysotoxum octomaculatum","Pollinator"
"1856","Sphaerophoria taeniata","Pollinator"
"1857","Amata phegea","Pollinator"
"1858","Conops flavipes","Pollinator"
"1859","Lestica clypeata","Pollinator"
"1860","Oxybelus trispinosus","Pollinator"
"1861","Osmia rufohirta","Pollinator"
"1862","Coelioxys rufescens","Pollinator"
"1863","Gonepteryx rhamni","Pollinator"
"1864","Passaloecus gracilis","Pollinator"
"1865","Billaea irrorata","Pollinator"
"1866","Lasiommata maera","Pollinator"
"1867","Physocephala rufipes","Pollinator"
"1868","Solieria fenestrata","Pollinator"
"1869","Crossocerus distinguendus","Pollinator"
"1870","Andrena alfkenella","Pollinator"
"1871","Andrena tibialis","Pollinator"
"1872","Platycheirus albimanus","Pollinator"
"1873","Voria ruralis","Pollinator"
"1874","Zodion cinereum","Pollinator"
"1875","Lasioglossum costulatum","Pollinator"
"1876","Clytiomya sola","Pollinator"
"1877","Bombus wurflenii","Pollinator"
"1878","Sphaerophoria interrupta","Pollinator"
"1879","Lycaena tityrus","Pollinator"
"1880","Dinera fuscata","Pollinator"
"1881","Bombus jonellus","Pollinator"
"1882","Pieris brassicae","Pollinator"
"1883","Volucella pellucens","Pollinator"
"1884","Zygaena lonicerae","Pollinator"
"1885","Zygaena filipendulae","Pollinator"
"1886","Hoplitis claviventris","Pollinator"
"1887","Cheilosia frontalis","Pollinator"
"1888","Sphecodes hyalinatus","Pollinator"
"1889","Thymelicus lineola","Pollinator"
"1890","Cheilosia paganus","Pollinator"
"1891","Loewia brevifrons","Pollinator"
"1892","Ceromasia rubrifrons","Pollinator"
"1893","Paratryphera barbatula","Pollinator"
"1894","Dinera carinifrons","Pollinator"
"1895","Siphona pauciseta","Pollinator"
"1896","Cheilosia nigripes","Pollinator"
"1897","Zygaena purpuralis","Pollinator"
"1898","Erebia aethiops","Pollinator"
"1899","Hylaeus alpinus","Pollinator"
"1900","Entomognathus brevis","Pollinator"
"1901","Blondelia nigripes","Pollinator"
"1902","Cheilosia latifrons","Pollinator"
"1903","Aglais urticae","Pollinator"
"1904","Thymelicus sylvestris","Pollinator"
"1905","Sphegina sibirica","Pollinator"
"1906","Baccha elongata","Pollinator"
"1907","Passaloecus insignis","Pollinator"
"1908","Cheilosia albipila","Pollinator"
"1909","Cheilosia mutabilis","Pollinator"
"1910","Eupeodes latifasciatus","Pollinator"
"1911","Meigenia dorsalis","Pollinator"
"1912","Demoticus plebejus","Pollinator"
"1913","Eristalinus sepulchralis","Pollinator"
"1914","Bombus sylvarum","Pollinator"
"1915","Cheilosia hercyniae","Pollinator"
"1916","Cheilosia impressa","Pollinator"
"1917","Cheilosia scutellata","Pollinator"
"1918","Cheilosia vernalis","Pollinator"
"1919","Chrysogaster solstitialis","Pollinator"
"1920","Melangyna umbellatarum","Pollinator"
"1921","Orthonevra nobilis","Pollinator"
"1922","Xylota segnis","Pollinator"
"1923","Speyeria aglaja","Pollinator"
"1924","Meliscaeva auricollis","Pollinator"
"1925","Lasioglossum cupromicans","Pollinator"
"1926","Conops quadrifasciatus","Pollinator"
"1927","Xylota florum","Pollinator"
"1928","Megachile flabellipes","Pollinator"
"1929","Mimumesa atratina","Pollinator"
"1930","Lasioglossum leucopus","Pollinator"
"1931","Lasioglossum quadrinotatulum","Pollinator"
"1932","Parasyrphus relictus","Pollinator"
"1933","Carterocephalus palaemon","Pollinator"
"1934","Cheilosia laticornis","Pollinator"
"1935","Heringia heringi","Pollinator"
"1936","Pipiza festiva","Pollinator"
"1937","Bombus monticola","Pollinator"
"1938","Eupeodes nitens","Pollinator"
"1939","Hoplitis anthocopoides","Pollinator"
"1940","Bombus humilis","Pollinator"
"1941","Chrysogaster cemiteriorum","Pollinator"
"1942","Leucostoma tetrapterum","Pollinator"
"1943","Phasia aurulans","Pollinator"
"1944","Sphecodes scabricollis","Pollinator"
"1945","Anthophora furcata","Pollinator"
"1946","Ammophila sabulosa","Pollinator"
"1947","Tachina fera","Pollinator"
"1948","Ceratina callosa","Pollinator"
"1949","Hylaeus gibbus","Pollinator"
"1950","Eriothrix rufomaculatus","Pollinator"
"1951","Plebejus idas","Pollinator"
"1952","Cylindromyia interrupta","Pollinator"
"1953","Chrysotoxum bicinctum","Pollinator"
"1954","Eristalis rupium","Pollinator"
"1955","Hubneria affinis","Pollinator"
"1956","Xylota sylvarum","Pollinator"
"1957","Cheilosia aerea","Pollinator"
"1958","Zophomyia temula","Pollinator"
"1959","Megachile sculpturalis","Pollinator"
"1960","Melanargia galathea","Pollinator"
"1961","Boloria selene","Pollinator"
"1962","Exorista rustica","Pollinator"
"1963","Brachypalpoides lentus","Pollinator"
"1964","Megasyrphus erraticus","Pollinator"
"1965","Eliozeta pellucens","Pollinator"
"1966","Nowickia ferox","Pollinator"
"1967","Eurithia caesia","Pollinator"
"1968","Crossocerus assimilis","Pollinator"
"1969","Hyalurgus tomostethi","Pollinator"
"1970","Thecophora distincta","Pollinator"
"1971","Phasia pusilla","Pollinator"
"1972","Siphona geniculata","Pollinator"
"1973","Elkalyce argiades","Pollinator"
"1974","Celastrina argiolus","Pollinator"
"1975","Conops strigatus","Pollinator"
"1976","Bithia spreta","Pollinator"
"1977","Ectemnius continuus","Pollinator"
"1978","Gymnosoma nitens","Pollinator"
"1979","Bombus gerstaeckeri","Pollinator"
"1980","Andrena mucida","Pollinator"
"1981","Polygonia c-album","Pollinator"
"1982","Bombus barbutellus","Pollinator"
"1983","Syrphus ribesii","Pollinator"
"1984","Lasioglossum rufitarse","Pollinator"
"1985","Meigenia mutabilis","Pollinator"
"1986","Dasysyrphus albostriatus","Pollinator"
"1987","Philhelius pedissequus","Pollinator"
"1988","Cheilosia barbata","Pollinator"
"1989","Xylota jakutorum","Pollinator"
"1990","Merodon equestris","Pollinator"
"1991","Exorista tubulosa","Pollinator"
"1992","Linnaemya rossica","Pollinator"
"1993","Merodon aureus","Pollinator"
"1994","Cheilosia morio","Pollinator"
"1995","Xylota abiens","Pollinator"
"1996","Volucella bombylans","Pollinator"
"1997","Sericomyia bombiformis","Pollinator"
"1998","Erebia ligea","Pollinator"
"1999","Hesperia comma","Pollinator"
"2000","Cheilosia proxima","Pollinator"
"2001","Matsumyia berberina","Pollinator"
"2002","Pipiza lugubris","Pollinator"
"2003","Bombus sichelii","Pollinator"
"2004","Lydina aenea","Pollinator"
"2005","Chrysotoxum vernale","Pollinator"
"2006","Andrena hattorfiana","Pollinator"
"2007","Eriozona syrphoides","Pollinator"
"2008","Eristalis jugorum","Pollinator"
"2009","Lapposyrphus lapponicus","Pollinator"
"2010","Cheilosia ranunculi","Pollinator"
"2011","Syrphus torvus","Pollinator"
"2012","Crabro cribrarius","Pollinator"
"2013","Phasia mesnili","Pollinator"
"2014","Brenthis daphne","Pollinator"
"2015","Brenthis ino","Pollinator"
"2016","Melitaea phoebe","Pollinator"
"2017","Tachina magnicornis","Pollinator"
"2018","Volucella inanis","Pollinator"
"2019","Psenulus pallipes","Pollinator"
"2020","Xanthandrus comtus","Pollinator"
"2021","Merodon constans","Pollinator"
"2022","Dinera grisescens","Pollinator"
"2023","Ferdinandea cuprea","Pollinator"
"2024","Bembecinus tridens","Pollinator"
"2025","Hylaeus styriacus","Pollinator"
"2026","Lycaena phlaeas","Pollinator"
"2027","Lasioglossum minutulum","Pollinator"
"2028","Isodontia mexicana","Pollinator"
"2029","Siphona setosa","Pollinator"
"2030","Lasioglossum aeratum","Pollinator"
"2031","Plebejus argus","Pollinator"
"2032","Halictus langobardicus","Pollinator"
"2033","Bombus argillaceus","Pollinator"
"2034","Ceratina gravidula","Pollinator"
"2035","Tenthredo arcuata","Pollinator"
"2036","Tenthredo olivacea","Pollinator"
"2037","Zygaena transalpina","Pollinator"
"2038","Callicera aurata","Pollinator"
"2039","Cyaniris semiargus","Pollinator"
"2040","Athalia rosae","Pollinator"
"2041","Panurginus montanus","Pollinator"
"2042","Bombus lucorum","Pollinator"
"2043","Bombus mesomelas","Pollinator"
"2044","Bombus mendax","Pollinator"
"2045","Lysandra coridon","Pollinator"
"2046","Scaeva selenitica","Pollinator"
"2047","Eumedonia eumedon","Pollinator"
"2048","Pieris bryoniae","Pollinator"
"2049","Ectemnius borealis","Pollinator"
"2050","Rhingia campestris","Pollinator"
"2051","Erebia medusa","Pollinator"
"2052","Chrysotoxum intermedium","Pollinator"
"2053","Merodon funestus","Pollinator"
"2054","Bombus pyrenaeus","Pollinator"
"2055","Erebia albergana","Pollinator"
"2056","Erebia pharte","Pollinator"
"2057","Hoplitis villosa","Pollinator"
"2058","Syrphus vitripennis","Pollinator"
"2059","Eupeodes luniger","Pollinator"
"2060","Cheilosia longula","Pollinator"
"2061","Hyalurgus cruciger","Pollinator"
"2062","Melanogaster nuda","Pollinator"
"2063","Sphegina clunipes","Pollinator"
"2064","Boloria pales","Pollinator"
"2065","Tenthredo koehleri","Pollinator"
"2066","Cheilosia antiqua","Pollinator"
"2067","Rhogogaster picta","Pollinator"
"2068","Erebia euryale","Pollinator"
"2069","Epistrophe grossulariae","Pollinator"
"2070","Megachile nigriventris","Pollinator"
"2071","Tenthredopsis tischbeinii","Pollinator"
"2072","Meliscaeva cinctella","Pollinator"
"2073","Merodon cinereus","Pollinator"
"2074","Cheilosia illustrata","Pollinator"
"2075","Didea alneti","Pollinator"
"2076","Platycheirus tarsalis","Pollinator"
"2077","Maculinea alcon","Pollinator"
"2078","Eupeodes tirolensis","Pollinator"
"2079","Eurithia vivida","Pollinator"
"2080","Parasyrphus lineola","Pollinator"
"2081","Cheilosia personata","Pollinator"
"2082","Boloria napaea","Pollinator"
"2083","Erebia manto","Pollinator"
"2084","Bombus inexspectatus","Pollinator"
"2085","Nowickia marklini","Pollinator"
"2086","Halictus compressus","Pollinator"
"2087","Gymnosoma clavatum","Pollinator"
"2088","Linnaemya lythosiophaga","Pollinator"
"2089","Solieria vacua","Pollinator"
"2090","Iphiclides podalirius","Pollinator"
"2091","Eristalinus taeniops","Pollinator"
"2092","Pieris mannii","Pollinator"
"2093","Coenonympha arcania","Pollinator"
"2094","Lasioglossum discus","Pollinator"
"2095","Amegilla salviae","Pollinator"
"2096","Melangyna compositarum","Pollinator"
"2097","Clossiana euphrosyne","Pollinator"
"2098","Coenonympha gardetta","Pollinator"
"2099","Tenthredo crassa","Pollinator"
"2100","Epistrophe nitidicollis","Pollinator"
"2101","Leucozona lucorum","Pollinator"
"2102","Chrysotoxum verralli","Pollinator"
"2103","Billaea triangulifera","Pollinator"
"2104","Epistrophe melanostoma","Pollinator"
"2105","Tenthredo rubricoxis","Pollinator"
"2106","Linnaemya impudica","Pollinator"
"2107","Linnaemya zachvatkini","Pollinator"
"2108","Masistylum arcuatum","Pollinator"
"2109","Dufourea alpina","Pollinator"
"2110","Polistes semenowi","Pollinator"
"2111","Oxybelus mucronatus","Pollinator"
"2112","Sphecodes schenckii","Pollinator"
"2113","Heriades rubicola","Pollinator"
"2114","Andrena pandellei","Pollinator"
"2115","Andrena lathyri","Pollinator"
"2116","Nomada sexfasciata","Pollinator"
"2117","Lasioglossum angusticeps","Pollinator"
"2118","Macrophya montana","Pollinator"
"2119","Tenthredo zonula","Pollinator"
"2120","Phasia obesa","Pollinator"
"2121","Cylindromyia brassicaria","Pollinator"
"2122","Linnaemya picta","Pollinator"
"2123","Platycheirus scutatus","Pollinator"
"2124","Mintho rufiventris","Pollinator"
"2125","Coelioxys conoideus","Pollinator"
"2126","Prosena siberita","Pollinator"
"2127","Ceratina chalybea","Pollinator"
"2128","Sphaerophoria infuscata","Pollinator"
"2129","Erycia fatua","Pollinator"
"2130","Eulabidogaster setifacies","Pollinator"
"2131","Leucostoma simplex","Pollinator"
"2132","Polistes associus","Pollinator"
"2133","Anthophora balneorum","Pollinator"
"2134","Andrena intermedia","Pollinator"
"2135","Anthidium oblongatum","Pollinator"
"2136","Elkalyce alcetas","Pollinator"
"2137","Parnassius mnemosyne","Pollinator"
"2138","Plebejus amanda","Pollinator"
"2139","Helophilus trivittatus","Pollinator"
"2140","Cerceris rubida","Pollinator"
"2141","Tetralonia salicariae","Pollinator"
"2142","Megachile leachella","Pollinator"
"2143","Crossocerus cinxius","Pollinator"
"2144","Anthocharis cardamines","Pollinator"
"2145","Bombus rupestris","Pollinator"
"2146","Nomada armata","Pollinator"
"2147","Megachile circumcincta","Pollinator"
"2148","Crossocerus leucostoma","Pollinator"
"2149","Abia fasciata","Pollinator"
"2150","Chelostoma distinctum","Pollinator"
"2151","Corynis crassicornis","Pollinator"
"2152","Andrena schencki","Pollinator"
"2153","Dinera ferina","Pollinator"
"2154","Polistes biglumis","Pollinator"
"2155","Cheilosia vulpina","Pollinator"
"2156","Siphona flavifrons","Pollinator"
"2157","Aporia crataegi","Pollinator"
"2158","Heteropterus morpheus","Pollinator"
"2159","Strongygaster globula","Pollinator"
"2160","Pipizella divicoi","Pollinator"
"2161","Issoria lathonia","Pollinator"
"2162","Zygaena carniolica","Pollinator"
"2163","Tetralonia dentata","Pollinator"
"2164","Nomada flavopicta","Pollinator"
"2165","Amegilla quadrifasciata","Pollinator"
"2166","Nomioides facilis","Pollinator"
"2167","Lejogaster tarsata","Pollinator"
"2168","Hylaeus annularis","Pollinator"
"2169","Sphaerophoria rueppelli","Pollinator"
"2170","Pseudoanthidium nanum","Pollinator"
"2171","Lasioglossum medinai","Pollinator"
"2172","Lasioglossum mesosclerum","Pollinator"
"2173","Megachile pusilla","Pollinator"
"2174","Eumerus amoenus","Pollinator"
"2175","Pasites maculatus","Pollinator"
"2176","Hylaeus punctulatissimus","Pollinator"
"2177","Coelioxys echinatus","Pollinator"
"2178","Sphecodes longulus","Pollinator"
"2179","Platycheirus fulviventris","Pollinator"
"2180","Nomada furva","Pollinator"
"2181","Hylaeus leptocephalus","Pollinator"
"2182","Paragus albifrons","Pollinator"
"2183","Coelioxys afer","Pollinator"
"2184","Stelis minuta","Pollinator"
"2185","Hylaeus clypearis","Pollinator"
"2186","Hylaeus angustatus","Pollinator"
"2187","Hylaeus rubicola","Pollinator"
"2188","Eucera clypeata","Pollinator"
"2189","Merodon avidus","Pollinator"
"2190","Platycheirus occultus","Pollinator"
"2191","Nomada bifasciata","Pollinator"
"2192","Sphecodes alternatus","Pollinator"
"2193","Seladonia smaragdula","Pollinator"
"2194","Lasioglossum subhirtum","Pollinator"
"2195","Bombus ruderatus","Pollinator"
"2196","Nomada distinguenda","Pollinator"
"2197","Andrena nana","Pollinator"
"2198","Rhophitoides canus","Pollinator"
"2199","Lasioglossum puncticolle","Pollinator"
"2200","Paragus flammeus","Pollinator"
"2201","Sphecodes puncticeps","Pollinator"
"2202","Andrena trimmerana","Pollinator"
"2203","Lithurgus cornutus","Pollinator"
"2204","Eumerus strigatus","Pollinator"
"2205","Hylaeus euryscapus","Pollinator"
"2206","Anthophora pubescens","Pollinator"
"2207","Andrena impunctata","Pollinator"
"2208","Lithurgus chrysurus","Pollinator"
"2209","Trachusa interrupta","Pollinator"
"2210","Cheilosia fraterna","Pollinator"
"2211","Lasioglossum griseolum","Pollinator"
"2212","Bombus muscorum","Pollinator"
"2213","Athous flavipennis","Pollinator"
"2214","Formica picea","Pollinator"
"2215","Pararge petropolitana","Pollinator"
"2216","Pangonius funebris","Pollinator"
"2217","Vespula germanica","Pollinator"
"2218","Malachius bipustulatus","Pollinator"
"2219","Altica oleracea","Pollinator"
"2220","Cryptocephalus samniticus","Pollinator"
"2221","Lampides boeticus","Pollinator"
"2222","Vespula vulgaris","Pollinator"
"2223","Vespa velutina","Pollinator"
"2224","Culex pipiens","Pollinator"
"2225","Fannia canicularis","Pollinator"
"2226","Linepithema humile","Pollinator"
"2227","Limnophora obsignata","Pollinator"
"2228","Pararge aegeria","Pollinator"
"2229","Cyanistes caeruleus","Pollinator"
"2230","Rhaphigaster nebulosa","Pollinator"
"2231","Lasioglossum strictifrons","Pollinator"
"2232","Ancistrocerus gazella","Pollinator"
"2233","Orius niger","Pollinator"
"2234","Andrena pilipes","Pollinator"
"2235","Colletes marginatus","Pollinator"
"2236","Andrena fulva","Pollinator"
"2237","Vespa crabro","Pollinator"
"2238","Cetonia aurata","Pollinator"
"2239","Cheilosia variabilis","Pollinator"
"2240","Osmia nuda","Pollinator"
"2241","Sphecodes spinulosus","Pollinator"
"2242","Xylocopa cantabrita","Pollinator"
"2243","Anthrenus verbasci","Pollinator"
"2244","Cacyreus marshalli","Pollinator"
"2245","Trichius gallicus","Pollinator"
"2246","Lasioglossum buccale","Pollinator"
"2247","Lasioglossum subaenescens","Pollinator"
"2248","Adalia bipunctata","Pollinator"
"2249","Phaneroptera nana","Pollinator"
"2250","Lucilia sericata","Pollinator"
"2251","Ceratina mocsaryi","Pollinator"
"2252","Megachile maritima","Pollinator"
"2253","Graphosoma lineatum","Pollinator"
"2254","Heliotaurus ruficollis","Pollinator"
"2255","Cephus pygmeus","Pollinator"
"2256","Andrena distinguenda","Pollinator"
"2257","Nomada tridentirostris","Pollinator"
"2258","Chloromyia formosa","Pollinator"
"2259","Empis planetica","Pollinator"
"2260","Cydia nigricana","Pollinator"
"2261","Empis tessellata","Pollinator"
"2262","Tenthredopsis stigma","Pollinator"
"2263","Andrena fulvata","Pollinator"
"2264","Empis nigripes","Pollinator"
"2265","Athalia bicolor","Pollinator"
"2266","Bombylius venosus","Pollinator"
"2267","Nomada ferruginata","Pollinator"
"2268","Empis nuntia","Pollinator"
"2269","Micropterix calthella","Pollinator"
"2270","Andrena simontornyella","Pollinator"
"2271","Empis pennipes","Pollinator"
"2272","Bibio reticulatus","Pollinator"
"2273","Metriotes lutarea","Pollinator"
"2274","Nomada flava","Pollinator"
"2275","Adela violella","Pollinator"
"2276","Bombylius major","Pollinator"
"2277","Bibio hortulanus","Pollinator"
"2278","Actina chalybea","Pollinator"
"2279","Tenthredo temula","Pollinator"
"2280","Andrena proxima","Pollinator"
"2281","Nephrotoma crocata","Pollinator"
"2282","Epistrophe diaphana","Pollinator"
"2283","Arge cyanocrocea","Pollinator"
"2284","Cheilosia albitarsis","Pollinator"
"2285","Empis praevia","Pollinator"
"2286","Chrysotoxum cautum","Pollinator"
"2287","Philhelius laetus","Pollinator"
"2288","Platycheirus peltatus","Pollinator"
"2289","Bibio johannis","Pollinator"
"2290","Empis femorata","Pollinator"
"2291","Andrena helvola","Pollinator"
"2292","Nomada lathburiana","Pollinator"
"2293","Andrena nitida","Pollinator"
"2294","Ectemnius lituratus","Pollinator"
"2295","Empis lutea","Pollinator"
"2296","Melitta haemorrhoidalis","Pollinator"
"2297","Andrena gravida","Pollinator"
"2298","Colletes cunicularius","Pollinator"
"2299","Nephrotoma appendiculata","Pollinator"
"2300","Andrena bimaculata","Pollinator"
"2301","Empis caudatula","Pollinator"
"2302","Gymnomerus laevipes","Pollinator"
"2303","Odynerus spinipes","Pollinator"
"2304","Lejogaster metallina","Pollinator"
"2305","Melanogaster hirtella","Pollinator"
"2306","Microdynerus exilis","Pollinator"
"2307","Graphomya maculata","Pollinator"
"2308","Chrysoperla carnea","Pollinator"
"2309","Oplodontha viridula","Pollinator"
"2310","Urophora cardui","Pollinator"
"2311","Tipula vernalis","Pollinator"
"2312","Lasioglossum laevigatum","Pollinator"
"2313","Nomada stigma","Pollinator"
"2314","Pipiza noctiluca","Pollinator"
"2315","Empis picipes","Pollinator"
"2316","Lasioglossum clypeare","Pollinator"
"2317","Myopa buccata","Pollinator"
"2318","Andrena mitis","Pollinator"
"2319","Trichodes alvearius","Pollinator"
"2320","Pancalia leuwenhoekella","Pollinator"
"2321","Tenthredo schaefferi","Pollinator"
"2322","Anthomyia pluvialis","Pollinator"
"2323","Platystoma seminationis","Pollinator"
"2324","Xylocopa valga","Pollinator"
"2325","Osmia cornuta","Pollinator"
"2326","Melecta albifrons","Pollinator"
"2327","Bombylius cinerascens","Pollinator"
"2328","Chrysoesthia drurella","Pollinator"
"2329","Andrena lagopus","Pollinator"
"2330","Saltella sphondylii","Pollinator"
"2331","Stenurella melanura","Pollinator"
"2332","Brassicogethes aeneus","Pollinator"
"2333","Rhinophora lepida","Pollinator"
"2334","Leptopterna dolabrata","Pollinator"
"2335","Rhagonycha fulva","Pollinator"
"2336","Palomena prasina","Pollinator"
"2337","Cleopomiarus graminis","Pollinator"
"2338","Lasioglossum quadrinotatum","Pollinator"
"2339","Olibrus affinis","Pollinator"
"2340","Perapion violaceum","Pollinator"
"2341","Empis vitripennis","Pollinator"
"2342","Adscita statices","Pollinator"
"2343","Sarcophaga subvicina","Pollinator"
"2344","Plutella xylostella","Pollinator"
"2345","Polymerus unifasciatus","Pollinator"
"2346","Adelphocoris seticornis","Pollinator"
"2347","Coccinella septempunctata","Pollinator"
"2348","Brachypterus glaber","Pollinator"
"2349","Meligethes nigrescens","Pollinator"
"2350","Sarcophaga lehmanni","Pollinator"
"2351","Calocoris roseomaculatus","Pollinator"
"2352","Cryptocephalus fulvus","Pollinator"
"2353","Adelphocoris lineolatus","Pollinator"
"2354","Tytthaspis sedecimpunctata","Pollinator"
"2355","Chrysoteuchia culmella","Pollinator"
"2356","Empis livida","Pollinator"
"2357","Phytomyza albipennis","Pollinator"
"2358","Dilophus femoratus","Pollinator"
"2359","Musca autumnalis","Pollinator"
"2360","Empis chioptera","Pollinator"
"2361","Phyllobius virideaeris","Pollinator"
"2362","Autographa gamma","Pollinator"
"2363","Bombus subterraneus","Pollinator"
"2364","Sermylassa halensis","Pollinator"
"2365","Cylindromyia pusilla","Pollinator"
"2366","Cantharis obscura","Pollinator"
"2367","Dasytes niger","Pollinator"
"2368","Dolycoris baccarum","Pollinator"
"2369","Eurydema oleracea","Pollinator"
"2370","Stictopleurus abutilon","Pollinator"
"2371","Miarus campanulae","Pollinator"
"2372","Sphaerophoria virgata","Pollinator"
"2373","Rhamphomyia longipes","Pollinator"
"2374","Sarcophaga variegata","Pollinator"
"2375","Urophora stylata","Pollinator"
"2376","Holopyga fastuosa","Pollinator"
"2377","Cantharis rustica","Pollinator"
"2378","Gastrophysa polygoni","Pollinator"
"2379","Capsodes gothicus","Pollinator"
"2380","Oedemera femorata","Pollinator"
"2381","Platycheirus clypeatus","Pollinator"
"2382","Closterotomus norvegicus","Pollinator"
"2383","Sitona obsoletus","Pollinator"
"2384","Sarcophaga carnaria","Pollinator"
"2385","Cteniopus sulphureus","Pollinator"
"2386","Protapion nigritarse","Pollinator"
"2387","Andrena croceiventris","Pollinator"
"2388","Hippodamia variegata","Pollinator"
"2389","Stratiomys singularior","Pollinator"
"2390","Cryptocephalus moraei","Pollinator"
"2391","Hoplomachus thunbergii","Pollinator"
"2392","Phytocoris varipes","Pollinator"
"2393","Mordellistenula perrisi","Pollinator"
"2394","Rutpela maculata","Pollinator"
"2395","Cantharis fusca","Pollinator"
"2396","Sarcophaga incisilobata","Pollinator"
"2397","Carpocoris purpureipennis","Pollinator"
"2398","Dioxyna bidentis","Pollinator"
"2399","Acupalpus exiguus","Pollinator"
"2400","Protapion trifolii","Pollinator"
"2401","Placochilus seladonicus","Pollinator"
"2402","Cassida sanguinolenta","Pollinator"
"2403","Meligethes subrugosus","Pollinator"
"2404","Eristalis intricaria","Pollinator"
"2405","Discomyza incurva","Pollinator"
"2406","Dolichovespula sylvestris","Pollinator"
"2407","Cheilosia vicina","Pollinator"
"2408","Sericomyia silentis","Pollinator"
"2409","Didea fasciata","Pollinator"
"2410","Osmia nigriventris","Pollinator"
"2411","Pipiza quadrimaculata","Pollinator"
"2412","Nomada striata","Pollinator"
"2413","Dasysyrphus venustus","Pollinator"
"2414","Andrena semilaevis","Pollinator"
"2415","Dasysyrphus tricinctus","Pollinator"
"2416","Tropidia scita","Pollinator"
"2417","Didea intermedia","Pollinator"
"2418","Andrena fucata","Pollinator"
"2419","Parasyrphus annulatus","Pollinator"
"2420","Dasysyrphus pinastri","Pollinator"
"2421","Helophilus hybridus","Pollinator"
"2422","Eristalis obscura","Pollinator"
"2423","Nomada ruficornis","Pollinator"
"2424","Helophilus affinis","Pollinator"
"2425","Bombus veteranus","Pollinator"
"2426","Bombus semenoviellus","Pollinator"
"2427","Bombus confusus","Pollinator"
"2428","Bombus schrencki","Pollinator"
"2429","Bombus cryptarum","Pollinator"
"2430","Bombus norvegicus","Pollinator"
"2431","Bombus distinguendus","Pollinator"
"2432","Bombus quadricolor","Pollinator"
"2433","Anarta myrtilli","Pollinator"
"2434","Bellardia viarum","Pollinator"
"2435","Chrysogaster virescens","Pollinator"
"2436","Cynomya mortuorum","Pollinator"
"2437","Dilophus febrilis","Pollinator"
"2438","Ectobius sylvestris","Pollinator"
"2439","Eristalis abusiva","Pollinator"
"2440","Exorista larvarum","Pollinator"
"2441","Formica fusca","Pollinator"
"2442","Hydrotaea irritans","Pollinator"
"2443","Lucilia caesar","Pollinator"
"2444","Melinda cognata","Pollinator"
"2445","Mellinus arvensis","Pollinator"
"2446","Onesia sepulcralis","Pollinator"
"2447","Phaonia angelicae","Pollinator"
"2448","Pollenia amentaria","Pollinator"
"2449","Pollenia rudis","Pollinator"
"2450","Sepsis cynipsea","Pollinator"
"2451","Andrena lapponica","Pollinator"
"2452","Lycaena virgaureae","Pollinator"
"2453","Aplotarsus incanus","Pollinator"
"2454","Athous subfuscus","Pollinator"
"2455","Cantharis figurata","Pollinator"
"2456","Coenosia means","Pollinator"
"2457","Dasytes plumbeus","Pollinator"
"2458","Lasius niger","Pollinator"
"2459","Micropterix aruncella","Pollinator"
"2460","Mordella holomelaena","Pollinator"
"2461","Myrmica ruginodis","Pollinator"
"2462","Phyllopertha horticola","Pollinator"
"2463","Rhagonycha nigriventris","Pollinator"
"2464","Scathophaga stercoraria","Pollinator"
"2465","Gymnosoma nudifrons","Pollinator"
"2466","Sphaerophoria fatarum","Pollinator"
"2467","Adela viridella","Pollinator"
"2468","Bibio marci","Pollinator"
"2469","Fannia lustrator","Pollinator"
"2470","Lasioglossum sexmaculatum","Pollinator"
"2471","Rhagonycha lignosa","Pollinator"
"2472","Empis aestiva","Pollinator"
"2473","Sericomyia lappona","Pollinator"
"2474","Dolichovespula saxonica","Pollinator"
"2475","Formica sanguinea","Pollinator"
"2476","Parasyrphus macularis","Pollinator"
"2477","Parasyrphus malinellus","Pollinator"
"2478","Vespula rufa","Pollinator"
"2479","Bellardia vulgaris","Pollinator"
"2480","Calliopum aeneum","Pollinator"
"2481","Chrysotoxum fasciolatum","Pollinator"
"2482","Colletes succinctus","Pollinator"
"2483","Dolichovespula norwegica","Pollinator"
"2484","Hedychrum nobile","Pollinator"
"2485","Hydrotaea similis","Pollinator"
"2486","Leucozona glaucia","Pollinator"
"2487","Pollenia angustigena","Pollinator"
"2488","Tachina grossa","Pollinator"
"2489","Lasioglossum fratellum","Pollinator"
"2490","Lycophotia porphyrea","Pollinator"
"2491","Neomyia cornicina","Pollinator"
"2492","Ammophila pubescens","Pollinator"
"2493","Nomada panzeri","Pollinator"
"2494","Prosternon tessellatum","Pollinator"
"2495","Heterostylodes pratensis","Pollinator"
"2496","Calameuta pallipes","Pollinator"
"2497","Cephalops obtusinervis","Pollinator"
"2498","Coenosia femoralis","Pollinator"
"2499","Hydrophoria lancifer","Pollinator"
"2500","Mimesa equestris","Pollinator"
"2501","Andrena clarkella","Pollinator"
"2502","Andrena praecox","Pollinator"
"2503","Bibio lanigerus","Pollinator"
"2504","Entomophaga nigrohalterata","Pollinator"
"2505","Panzeria rudis","Pollinator"
"2506","Gonia picea","Pollinator"
"2507","Lasiomma picipes","Pollinator"
"2508","Phaonia serva","Pollinator"
"2509","Zaira cinerea","Pollinator"
"2510","Adia cinerella","Pollinator"
"2511","Andrena barbilabris","Pollinator"
"2512","Dilophus humeralis","Pollinator"
"2513","Egle minuta","Pollinator"
"2514","Formica rufa","Pollinator"
"2515","Phaonia incana","Pollinator"
"2516","Arge ustulata","Pollinator"
"2517","Oxybelus mandibularis","Pollinator"
"2518","Hercostomus nigripennis","Pollinator"
"2519","Sciara hemerobioides","Pollinator"
"2520","Xestia c-nigrum","Pollinator"
"2521","Ancistrocerus ichneumonideus","Pollinator"
"2522","Dolichopus rupestris","Pollinator"
"2523","Polietes lardaria","Pollinator"
"2524","Ampedus balteatus","Pollinator"
"2525","Dolichopus nigricornis","Pollinator"
"2526","Lochmaea suturalis","Pollinator"
"2527","Heterostylodes nominabilis","Pollinator"
"2528","Propylaea quatuordecimpunctata","Pollinator"
"2529","Sitona lineatus","Pollinator"
"2530","Panzeria truncata","Pollinator"
"2531","Cheilosia psilophthalma","Pollinator"
"2532","Conops vesicularis","Pollinator"
"2533","Egle brevicornis","Pollinator"
"2534","Gymnocheta viridis","Pollinator"
"2535","Adela cuprella","Pollinator"
"2536","Brachyopa testacea","Pollinator"
"2537","Parasyrphus punctulatus","Pollinator"
"2538","Phorbia moliniaris","Pollinator"
"2539","Rhamphomyia sulcata","Pollinator"
"2540","Sericus brunneus","Pollinator"
"2541","Dalopius marginatus","Pollinator"
"2542","Dolichovespula adulterina","Pollinator"
"2543","Dolichovespula omissa","Pollinator"
"2544","Nomada marshamella","Pollinator"
"2545","Cheilosia bergenstammi","Pollinator"
"2546","Helina reversio","Pollinator"
"2547","Lucilia bufonivora","Pollinator"
"2548","Sphaerophoria batava","Pollinator"
"2549","Zygaena trifolii","Pollinator"
"2550","Andrena tarsata","Pollinator"
"2551","Delia florilega","Pollinator"
"2552","Pyrgus malvae","Pollinator"
"2553","Alliopsis billbergi","Pollinator"
"2554","Coranarta cordigera","Pollinator"
"2555","Bruchidius villosus","Pollinator"
"2556","Chrysomela collaris","Pollinator"
"2557","Chrysomela populi","Pollinator"
"2558","Rhamphomyia nigripennis","Pollinator"
"2559","Oscinella vastator","Pollinator"
"2560","Delia diluta","Pollinator"
"2561","Reichertella geniculata","Pollinator"
"2562","Siphonella oscinina","Pollinator"
"2563","Anaspis frontalis","Pollinator"
"2564","Andrena rhyssonota","Pollinator"
"2565","Andrena livens","Pollinator"
"2566","Osmia notata","Pollinator"
"2567","Erebia meolans","Pollinator"
"2568","Trichius fasciatus","Pollinator"
"2569","Hoplitis benoisti","Pollinator"
"2570","Lasioglossum tricinctum","Pollinator"
"2571","Arge ochropus","Pollinator"
"2572","Andrena bucephala","Pollinator"
"2573","Merodon eques","Pollinator"
"2574","Andrena rhenana","Pollinator"
"2575","Lasioglossum mediterraneum","Pollinator"
"2576","Pipizella zeneggenensis","Pollinator"
"2577","Philhelius citrofasciatus","Pollinator"
"2578","Halictus cochlearitarsis","Pollinator"
"2579","Osmia emarginata","Pollinator"
"2580","Andrena rufula","Pollinator"
"2581","Andrena potentillae","Pollinator"
"2582","Eucera caspica","Pollinator"
"2583","Andrena saxonica","Pollinator"
"2584","Microdon analis","Pollinator"
"2585","Merodon serrulatus","Pollinator"
"2586","Merodon rufus","Pollinator"
"2587","Andrena vulpecula","Pollinator"
"2588","Ceratina chalcites","Pollinator"
"2589","Pelecocera pruinosomaculata","Pollinator"
"2590","Pseudoanthidium melanurum","Pollinator"
"2591","Osmia viridana","Pollinator"
"2592","Lasioglossum setulellum","Pollinator"
"2593","Colletes abeillei","Pollinator"
"2594","Merodon femoratus","Pollinator"
"2595","Anthophora larvata","Pollinator"
"2596","Eucera breviceps","Pollinator"
"2597","Merodon nigritarsis","Pollinator"
"2598","Seladonia submediterranea","Pollinator"
"2599","Nomada discedens","Pollinator"
"2600","Eucera hungarica","Pollinator"
"2601","Osmia labialis","Pollinator"
"2602","Andrena combinata","Pollinator"
"2603","Megachile octosignata","Pollinator"
"2604","Megachile giraudi","Pollinator"
"2605","Eumerus clavatus","Pollinator"
"2606","Ceratina nigrolabiata","Pollinator"
"2607","Chrysotoxum cisalpinum","Pollinator"
"2608","Andrena vaga","Pollinator"
"2609","Lasioglossum pallens","Pollinator"
"2610","Andrena polita","Pollinator"
"2611","Panurgus dentipes","Pollinator"
"2612","Epeolus cruciger","Pollinator"
"2613","Philhelius dives","Pollinator"
"2614","Chrysotoxum elegans","Pollinator"
"2615","Pelecocera tricincta","Pollinator"
"2616","Andrena granulosa","Pollinator"
"2617","Megachile rufescens","Pollinator"
"2618","Lasioglossum smeathmanellum","Pollinator"
"2619","Andrena chrysopyga","Pollinator"
"2620","Pipizella virens","Pollinator"
"2621","Lasioglossum albocinctum","Pollinator"
"2622","Tetralonia fulvescens","Pollinator"
"2623","Melitta dimidiata","Pollinator"
"2624","Andrena paucisquama","Pollinator"
"2625","Rophites algirus","Pollinator"
"2626","Osmia tergestensis","Pollinator"
"2627","Eucera cineraria","Pollinator"
"2628","Colletes foveolaris","Pollinator"
"2629","Hoplitis papaveris","Pollinator"
"2630","Lasioglossum maurusium","Pollinator"
"2631","Andrena curvungula","Pollinator"
"2632","Hoplitis brachypogon","Pollinator"
"2633","Andrena vocifera","Pollinator"
"2634","Amegilla savignyi","Pollinator"
"2635","Coelioxys haemorrhoa","Pollinator"
"2636","Sphecodes crassanus","Pollinator"
"2637","Ferdinandea aurea","Pollinator"
"2638","Rhodanthidium infuscatum","Pollinator"
"2639","Anthophora crassipes","Pollinator"
"2640","Scaeva dignota","Pollinator"
"2641","Milesia crabroniformis","Pollinator"
"2642","Seladonia kessleri","Pollinator"
"2643","Habropoda tarsata","Pollinator"
"2644","Andrena brumanensis","Pollinator"
"2645","Lasioglossum corvinum","Pollinator"
"2646","Anthaxia hungarica","Pollinator"
"2647","Hoplitis jheringii","Pollinator"
"2648","Andrena viridescens","Pollinator"
"2649","Anthophora dispar","Pollinator"
"2650","Dasypoda argentata","Pollinator"
"2651","Dasypoda cingulata","Pollinator"
"2652","Dasypoda crassicornis","Pollinator"
"2653","Tetralonia ruficornis","Pollinator"
"2654","Eucera collaris","Pollinator"
"2655","Eucera elongatula","Pollinator"
"2656","Flavipanurgus venustus","Pollinator"
"2657","Rhyncomya cuprea","Pollinator"
"2658","Volucella elegans","Pollinator"
"2659","Ancistrocerus biphaleratus","Pollinator"
"2660","Colletes acutus","Pollinator"
"2661","Colletes ligatus","Pollinator"
"2662","Chasmatopterus villosulus","Pollinator"
"2663","Exosoma lusitanicum","Pollinator"
"2664","Tropinota squalida","Pollinator"
"2665","Anthophora hispanica","Pollinator"
"2666","Eucera pollinaris","Pollinator"
"2667","Eucera codinai","Pollinator"
"2668","Nomada agrestis","Pollinator"
"2669","Andrena ferrugineicrus","Pollinator"
"2670","Bombylius torquatus","Pollinator"
"2671","Colletes nigricans","Pollinator"
"2672","Lasioglossum immunitum","Pollinator"
"2673","Anthophora atroalba","Pollinator"
"2674","Chasmatopterus illigeri","Pollinator"
"2675","Halictus tridivisus","Pollinator"
"2676","Dischistus senex","Pollinator"
"2677","Nomada melathoracica","Pollinator"
"2678","Osmia argyropyga","Pollinator"
"2679","Dasypoda albimana","Pollinator"
"2680","Empis testacea","Pollinator"
"2681","Panurgus dargius","Pollinator"
"2682","Bombylius fimbriatus","Pollinator"
"2683","Eucera notata","Pollinator"
"2684","Protaetia cuprea","Pollinator"
"2685","Systropha planidens","Pollinator"
"2686","Chrysura refulgens","Pollinator"
"2687","Bombylella atra","Pollinator"
"2688","Panurgus cephalotes","Pollinator"
"2689","Andrena fertoni","Pollinator"
"2690","Bembix oculata","Pollinator"
"2691","Eumenes coarctatus","Pollinator"
"2692","Musca domestica","Pollinator"
"2693","Dasypoda iberica","Pollinator"
"2694","Eucera confinis","Pollinator"
"2695","Pangonius micans","Pollinator"
"2696","Nomada sheppardana","Pollinator"
"2697","Andrena falsifica","Pollinator"
"2698","Andrena strohmella","Pollinator"
"2699","Osmia uncinata","Pollinator"
"2700","Eumerus ornatus","Pollinator"
"2701","Megachile apicalis","Pollinator"
"2702","Erynnis tages","Pollinator"
"2703","Thricops cunctans","Pollinator"
"2704","Anogcodes melanurus","Pollinator"
"2705","Thricops innocuus","Pollinator"
"2706","Botanophila varicolor","Pollinator"
"2707","Hylemya vagans","Pollinator"
"2708","Delia platura","Pollinator"
"2709","Drymeia tetra","Pollinator"
"2710","Hercostomus germanus","Pollinator"
"2711","Heterostylodes obscurus","Pollinator"
"2712","Botanophila striolata","Pollinator"
"2713","Neomyia viridescens","Pollinator"
"2714","Thricops longipes","Pollinator"
"2715","Delia lophota","Pollinator"
"2716","Morellia podagrica","Pollinator"
"2717","Hydrophoria silvicola","Pollinator"
"2718","Coenosia verralli","Pollinator"
"2719","Sarcophaga vagans","Pollinator"
"2720","Thricops nigrifrons","Pollinator"
"2721","Helina quadrum","Pollinator"
"2722","Morellia aenescens","Pollinator"
"2723","Sphiximorpha subsessilis","Pollinator"
"2724","Pegoplata aestiva","Pollinator"
"2725","Empis diagramma","Pollinator"
"2726","Dasysyrphus lenensis","Pollinator"
"2727","Empis melanotricha","Pollinator"
"2728","Hamearis lucina","Pollinator"
"2729","Platycheirus tatricus","Pollinator"
"2730","Rhamphomyia nitidula","Pollinator"
"2731","Drymeia brumalis","Pollinator"
"2732","Eupeodes nielseni","Pollinator"
"2733","Cheilosia nivalis","Pollinator"
"2734","Nomada alboguttata","Pollinator"
"2735","Cheilosia lenis","Pollinator"
"2736","Herina frondescentiae","Pollinator"
"2737","Chrysotoxum arcuatum","Pollinator"
"2738","Zygaena loti","Pollinator"
"2739","Chersotis cuprea","Pollinator"
"2740","Empis maerens","Pollinator"
"2741","Empis ciliatopennata","Pollinator"
"2742","Platycheirus manicatus","Pollinator"
"2743","Macquartia tenebricosa","Pollinator"
"2744","Empis syrovatkai","Pollinator"
"2745","Nomada obtusifrons","Pollinator"
"2746","Eriothrix prolixa","Pollinator"
"2747","Fannia carbonella","Pollinator"
"2748","Cheilosia gagatea","Pollinator"
"2749","Cheilosia loewi","Pollinator"
"2750","Phaonia consobrina","Pollinator"
"2751","Thricops semicinereus","Pollinator"
"2752","Fannia umbrosa","Pollinator"
"2753","Fannia serena","Pollinator"
"2754","Phytomyptera nigroaenea","Pollinator"
"2755","Drymeia hamata","Pollinator"
"2756","Fannia rondanii","Pollinator"
"2757","Thricops nigritellus","Pollinator"
"2758","Drymeia alpicola","Pollinator"
"2759","Sarcophaga rosellei","Pollinator"
"2760","Sepsis fulgens","Pollinator"
"2761","Hylemya variata","Pollinator"
"2762","Coenosia mollicula","Pollinator"
"2763","Botanophila brunneilinea","Pollinator"
"2764","Nemorilla maculosa","Pollinator"
"2765","Cheilosia rhynchops","Pollinator"
"2766","Odontomyia argentata","Pollinator"
"2767","Phaonia meigeni","Pollinator"
"2768","Thricops beckeri","Pollinator"
"2769","Dasysyrphus friuliensis","Pollinator"
"2770","Botanophila fugax","Pollinator"
"2771","Cheilosia melanura","Pollinator"
"2772","Sarcophaga vicina","Pollinator"
"2773","Phaonia hybrida","Pollinator"
"2774","Hylaeus annulatus","Pollinator"
"2775","Sarcophaga teretirostris","Pollinator"
"2776","Musca osiris","Pollinator"
"2777","Aricia artaxerxes","Pollinator"
"2778","Empis contigua","Pollinator"
"2779","Sarcophaga okaliana","Pollinator"
"2780","Sarcophaga pumila","Pollinator"
"2781","Empis nigricoma","Pollinator"
"2782","Fannia postica","Pollinator"
"2783","Heterostylodes pilifera","Pollinator"
"2784","Erebia epiphron","Pollinator"
"2785","Thricops furcatus","Pollinator"
"2786","Sepsis violacea","Pollinator"
"2787","Adia coerulescens","Pollinator"
"2788","Thricops rostratus","Pollinator"
"2789","Schoenomyza litorella","Pollinator"
"2790","Xylota triangularis","Pollinator"
"2791","Herina parva","Pollinator"
"2792","Coenosia obscuricula","Pollinator"
"2793","Hercostomus labiatus","Pollinator"
"2794","Sympycnus strobli","Pollinator"
"2795","Phryno vetula","Pollinator"
"2796","Hydrotaea militaris","Pollinator"
"2797","Pyrausta purpuralis","Pollinator"
"2798","Scotopteryx chenopodiata","Pollinator"
"2799","Cheilosia grisella","Pollinator"
"2800","Empis nitida","Pollinator"
"2801","Delia longicauda","Pollinator"
"2802","Botanophila estonica","Pollinator"
"2803","Eloceria delecta","Pollinator"
"2804","Bicellaria vana","Pollinator"
"2805","Allophorocera ferruginea","Pollinator"
"2806","Fannia fuscula","Pollinator"
"2807","Loewia phaeoptera","Pollinator"
"2808","Empis monticola","Pollinator"
"2809","Hydrophoria diabata","Pollinator"
"2810","Neoascia annexa","Pollinator"
"2811","Pyrausta alpinalis","Pollinator"
"2812","Platycheirus complicatus","Pollinator"
"2813","Lasiomma strigilatum","Pollinator"
"2814","Hebecnema nigricolor","Pollinator"
"2815","Myospila meditabunda","Pollinator"
"2816","Hercostomus fugax","Pollinator"
"2817","Pipizella nigriana","Pollinator"
"2818","Bombus mucidus","Pollinator"
"2819","Hilara sulcitarsis","Pollinator"
"2820","Hoplitis mitis","Pollinator"
"2821","Phyllomya volvulus","Pollinator"
"2822","Delia cardui","Pollinator"
"2823","Perizoma verberata","Pollinator"
"2824","Platycheirus melanopsis","Pollinator"
"2825","Phaonia lugubris","Pollinator"
"2826","Botanophila trapezina","Pollinator"
"2827","Rhamphomyia anthracina","Pollinator"
"2828","Empis","Pollinator"
"2829","Rhamphomyia galactoptera","Pollinator"
"2830","Neocnemodon vitripennis","Pollinator"
"2831","Oxyna nebulosa","Pollinator"
"2832","Tabanus bovinus","Pollinator"
"2833","Calythea nigricans","Pollinator"
"2834","Tephritis mutabilis","Pollinator"
"2835","Sarcophaga villeneuvei","Pollinator"
"2836","Oxyna flavipennis","Pollinator"
"2837","Botanophila cordifrons","Pollinator"
"2838","Helina impuncta","Pollinator"
"2839","Cheilosia lasiopa","Pollinator"
"2840","Molorchus minor","Pollinator"
"2841","Phasia hemiptera","Pollinator"
"2842","Empis stercorea","Pollinator"
"2843","Chiasmia clathrata","Pollinator"
"2844","Cheilosia gigantea","Pollinator"
"2845","Dufouria nigrita","Pollinator"
"2846","Herina paludum","Pollinator"
"2847","Gymnodia humilis","Pollinator"
"2848","Microchrysa polita","Pollinator"
"2849","Herina nigrina","Pollinator"
"2850","Leucostoma anthracina","Pollinator"
"2851","Panorpa communis","Pollinator"
"2852","Pegoplata infirma","Pollinator"
"2853","Spazigaster ambulans","Pollinator"
"2854","Chaetostomella cylindrica","Pollinator"
"2855","Sarcophaga crassimargo","Pollinator"
"2856","Azelia gibbera","Pollinator"
"2857","Hydrophoria ruralis","Pollinator"
"2858","Phytomyptera zonella","Pollinator"
"2859","Phryxe nemea","Pollinator"
"2860","Thyreus orbatus","Pollinator"
"2861","Dufourea dentiventris","Pollinator"
"2862","Osmia parietina","Pollinator"
"2863","Osmia brevicornis","Pollinator"
"2864","Osmia xanthomelana","Pollinator"
"2865","Andrena floricola","Pollinator"
"2866","Osmia bidentata","Pollinator"
"2867","Hylaeus duckei","Pollinator"
"2868","Cheilosia flavipes","Pollinator"
"2869","Chrysotoxum festivum","Pollinator"
"2870","Cheilosia nebulosa","Pollinator"
"2871","Hylaeus paulus","Pollinator"
"2872","Andrena decipiens","Pollinator"
"2873","Eupeodes goeldlini","Pollinator"
"2874","Eucera nigrilabris","Pollinator"
"2875","Pseudovadonia livida","Pollinator"
"2876","Oedemera simplex","Pollinator"
"2877","Andrena limbata","Pollinator"
"2878","Flavipanurgus kastiliensis","Pollinator"
"2879","Aricia cramera","Pollinator"
"2880","Andrena florentina","Pollinator"
"2881","Heliotaurus sanguinicollis","Pollinator"
"2882","Nustera distigma","Pollinator"
"2883","Ceriana vespiformis","Pollinator"
"2884","Colletes mlokossewiczi","Pollinator"
"2885","Melitturga caudata","Pollinator"
"2886","Dufourea trautmanni","Pollinator"
"2887","Osmia signata","Pollinator"
"2888","Nomiapis bispinosa","Pollinator"
"2889","Megachile deceptoria","Pollinator"
"2890","Panurgus perezi","Pollinator"
"2891","Seladonia pollinosa","Pollinator"
"2892","Protosmia capitata","Pollinator"
"2893","Megachile opacifrons","Pollinator"
"2894","Ammobates muticus","Pollinator"
"2895","Hoplitis antigae","Pollinator"
"2896","Osmia latreillei","Pollinator"
"2897","Andrena spreta","Pollinator"
"2898","Ceratina dentiventris","Pollinator"
"2899","Andrena marginata","Pollinator"
"2900","Andrena thoracica","Pollinator"
"2901","Hoplitis annulata","Pollinator"
"2902","Oxybelus quatuordecimnotatus","Pollinator"
"2903","Philhelius marginalis","Pollinator"
"2904","Lasioglossum sphecodimorphum","Pollinator"
"2905","Thyreus histrionicus","Pollinator"
"2906","Megachile sicula","Pollinator"
"2907","Eucera barbiventris","Pollinator"
"2908","Ammobates punctatus","Pollinator"
"2909","Merodon pumilus","Pollinator"
"2910","Eucera hispana","Pollinator"
"2911","Andrena antigana","Pollinator"
"2912","Lasioglossum capitale","Pollinator"
"2913","Hylaeus pictus","Pollinator"
"2914","Lasioglossum callizonium","Pollinator"
"2915","Nomada nobilis","Pollinator"
"2916","Panurginus albopilosus","Pollinator"
"2917","Rhingia rostrata","Pollinator"
"2918","Eurimyia lineata","Pollinator"
"2919","Bombus magnus","Pollinator"
"2920","Platycheirus angustatus","Pollinator"
"2921","Cheilosia pubera","Pollinator"
"2922","Stelis ornatula","Pollinator"
"2923","Platycheirus podagratus","Pollinator"
"2924","Cheilosia griseiventris","Pollinator"
"2925","Villa modesta","Pollinator"
"2926","Colletes floralis","Pollinator"
"2927","Neoascia geniculata","Pollinator"
"2928","Pyrophaena granditarsa","Pollinator"
"2929","Nymphalis polychloros","Pollinator"
"2930","Leptidea sinapis","Pollinator"
"2931","Hipparchia semele","Pollinator"
"2932","Pyrophaena rosarum","Pollinator"
"2933","Platycheirus sticticus","Pollinator"
"2934","Platycheirus ramsarensis","Pollinator"
"2935","Platycheirus scambus","Pollinator"
"2936","Riponnensia splendens","Pollinator"
"2937","Lasioglossum nitidiusculum","Pollinator"
"2938","Epistrophe eligans","Pollinator"
"2939","Parasyrphus nigritarsis","Pollinator"
"2940","Sphaerophoria philanthus","Pollinator"
"2941","Lasioglossum bluethgeni","Pollinator"
"2942","Sphegina latifrons","Pollinator"
"2943","Eumerus funeralis","Pollinator"
"2944","Lasioglossum sexstrigatum","Pollinator"
"2945","Andrena niveata","Pollinator"
"2946","Seladonia leucahenea","Pollinator"
"2947","Andrena hypopolia","Pollinator"
"2948","Nomada fulvicornis","Pollinator"
"2949","Seladonia semitecta","Pollinator"
"2950","Tetralonia malvae","Pollinator"
"2951","Andrena enslinella","Pollinator"
"2952","Rophites quinquespinosus","Pollinator"
"2953","Camptopoeum friesei","Pollinator"
"2954","Sphecodes majalis","Pollinator"
"2955","Brachypalpus valgus","Pollinator"
"2956","Lasioglossum marginellum","Pollinator"
"2957","Andrena gelriae","Pollinator"
"2958","Epistrophella euchroma","Pollinator"
"2959","Sphecodes rubicundus","Pollinator"
"2960","Nomada conjungens","Pollinator"
"2961","Eristalis anthophorina","Pollinator"
"2962","Eristalis hirta","Pollinator"
"2963","Merodon ruficornis","Pollinator"
"2964","Zygaena minos","Pollinator"
"2965","Ancylolomia tentaculella","Pollinator"
"2966","Limenitis reducta","Pollinator"
"2967","Fabriciana niobe","Pollinator"
"2968","Pipiza accola","Pollinator"
"2969","Litophasia hyalipennis","Pollinator"
"2970","Tenthredo amoena","Pollinator"
"2971","Lycaena alciphron","Pollinator"
"2972","Plebicula dorylas","Pollinator"
"2973","Pyrgus alveus","Pollinator"
"2974","Satyrium w-album","Pollinator"
"2975","Melanomya acerba","Pollinator"
"2976","Coenonympha iphis","Pollinator"
"2977","Andrena congruens","Pollinator"
"2978","Temnostoma vespiforme","Pollinator"
"2979","Lasioglossum setulosum","Pollinator"
"2980","Andrena coitana","Pollinator"
"2981","Eristalis gomojunovae","Pollinator"
"2982","Cylindromyia pilipes","Pollinator"
"2983","Parhelophilus versicolor","Pollinator"
"2984","Zygaena viciae","Pollinator"
"2985","Epeoloides coecutiens","Pollinator"
"2986","Herina palustris","Pollinator"
"2987","Nemotelus pantherina","Pollinator"
"2988","Oncocera semirubella","Pollinator"
"2989","Ancistrocerus claripennis","Pollinator"
"2990","Ancistrocerus parietum","Pollinator"
"2991","Coremacera marginata","Pollinator"
"2992","Villa hottentotta","Pollinator"
"2993","Bracon parvulus","Pollinator"
"2994","Lucilia silvarum","Pollinator"
"2995","Hemipenthes morio","Pollinator"
"2996","Zeuxia subapennina","Pollinator"
"2997","Fabriciana adippe","Pollinator"
"2998","Tabanus bifarius","Pollinator"
"2999","Odynerus femoratus","Pollinator"
"3000","Acontia trabealis","Pollinator"
"3001","Bombylius canescens","Pollinator"
"3002","Eumerus sabulonum","Pollinator"
"3003","Pachystylum bremii","Pollinator"
"3004","Zeuxia cinerea","Pollinator"
"3005","Megalodontes panzeri","Pollinator"
"3006","Brenthis hecate","Pollinator"
"3007","Lucilia ampullacea","Pollinator"
"3008","Haematobosca stimulans","Pollinator"
"3009","Tenthredopsis friesei","Pollinator"
"3010","Pipiza notata","Pollinator"
"3011","Syrphus sexmaculatus","Pollinator"
"3012","Parasyrphus tarsatus","Pollinator"
"3013","Cheilosia flavissima","Pollinator"
"3014","Platycheirus amplus","Pollinator"
"3015","Meligramma guttatum","Pollinator"
"3016","Sericomyia nigra","Pollinator"
"3017","Bibio nigriventris","Pollinator"
"3018","Argogorytes fargeii","Pollinator"
"3019","Ceropales maculata","Pollinator"
"3020","Oxybelus uniglumis","Pollinator"
"3021","Protophormia terraenovae","Pollinator"
"3022","Anasimyia lunulata","Pollinator"
"3023","Sphaerophoria bankowskae","Pollinator"
"3024","Pipiza luteitarsis","Pollinator"
"3025","Platycheirus nielseni","Pollinator"
"3026","Tenthredo brevicornis","Pollinator"
"3027","Bombus sporadicus","Pollinator"
"3028","Melangyna arctica","Pollinator"
"3029","Platycheirus parmatus","Pollinator"
"3030","Cheilosia naruska","Pollinator"
"3031","Bombus cingulatus","Pollinator"
"3032","Bombus flavidus","Pollinator"
"3033","Tenthredo notha","Pollinator"
"3034","Syrphus admirandus","Pollinator"
"3035","Meligramma triangulifera","Pollinator"
"3036","Eumerus flavitarsis","Pollinator"
"3037","Agriphila straminella","Pollinator"
"3038","Dichrorampha petiverella","Pollinator"
"3039","Lucilia richardsi","Pollinator"
"3040","Eana argentana","Pollinator"
"3041","Stenoptilia pterodactyla","Pollinator"
"3042","Agriades optilete","Pollinator"
"3043","Athetis pallustris","Pollinator"
"3044","Palaeochrysophanus hippothoe","Pollinator"
"3045","Cryptocala chardinyi","Pollinator"
"3046","Gillmeria pallidactyla","Pollinator"
"3047","Hoplodrina octogenaria","Pollinator"
"3048","Platycheirus splendidus","Pollinator"
"3049","Vespula austriaca","Pollinator"
"3050","Tenthredo mioceras","Pollinator"
"3051","Clytiomya continua","Pollinator"
"3052","Eliozeta helluo","Pollinator"
"3053","Pexopsis aprica","Pollinator"
"3054","Trichopsomyia flavitarsis","Pollinator"
"3055","Euclidia glyphica","Pollinator"
"3056","Polyommatus daphnis","Pollinator"
"3057","Zygaena ephialtes","Pollinator"
"3058","Pareumenes laminatus","Pollinator"
"3059","Phengaris teleius","Pollinator"
"3060","Chetogena obliquata","Pollinator"
"3061","Ocytata pallipes","Pollinator"
"3062","Pollenia pediculata","Pollinator"
"3063","Abia nitens","Pollinator"
"3064","Abia sericea","Pollinator"
"3065","Calliphora vicina","Pollinator"
"3066","Melitaea diamina","Pollinator"
"3067","Dufourea minuta","Pollinator"
"3068","Andrena fulvida","Pollinator"
"3069","Pontia edusa","Pollinator"
"3070","Criorhina floccosa","Pollinator"
"3071","Cylindromyia brevicornis","Pollinator"
"3072","Peleteria ferina","Pollinator"
"3073","Chirosia flavipennis","Pollinator"
"3074","Merodon aberrans","Pollinator"
"3075","Hoplitis praestans","Pollinator"
"3076","Podalonia hirsuta","Pollinator"
"3077","Carcharodus lavatherae","Pollinator"
"3078","Erebia melas","Pollinator"
"3079","Lysandra hispana","Pollinator"
"3080","Anthomyia monilis","Pollinator"
"3081","Lasioglossum laterale","Pollinator"
"3082","Tiphia femorata","Pollinator"
"3083","Lomachantha parra","Pollinator"
"3084","Everes sebrus","Pollinator"
"3085","Plebejus argyrognomon","Pollinator"
"3086","Zenillia libatrix","Pollinator"
"3087","Neoascia interrupta","Pollinator"
"3088","Peleteria rubescens","Pollinator"
"3089","Cerceris tenuivittata","Pollinator"
"3090","Ectemnius fossorius","Pollinator"
"3091","Neptis sappho","Pollinator"
"3092","Atylotus latistriatus","Pollinator"
"3093","Atylotus fulvus","Pollinator"
"3094","Billaea adelpha","Pollinator"
"3095","Andrena pallitarsis","Pollinator"
"3096","Nomada basalis","Pollinator"
"3097","Nemophora degeerella","Pollinator"
"3098","Elomya lateralis","Pollinator"
"3099","Nemophora metallica","Pollinator"
"3100","Ectemnius lapidarius","Pollinator"
"3101","Heliothis viriplaca","Pollinator"
"3102","Icteranthidium laterale","Pollinator"
"3103","Megalodontes plagiocephalus","Pollinator"
"3104","Bombus laesus","Pollinator"
"3105","Chrysosyrphus nasutus","Pollinator"
"3106","Rhagio tringaria","Pollinator"
"3107","Cerapteryx graminis","Pollinator"
"3108","Eupeodes lundbecki","Pollinator"
"3109","Lycaena dispar","Pollinator"
"3110","Melanomya nana","Pollinator"
"3111","Chalcosyrphus nemorum","Pollinator"
"3112","Odontomyia angulata","Pollinator"
"3113","Empis umbripes","Pollinator"
"3114","Melinda gentilis","Pollinator"
"3115","Cheilosia chrysocomus","Pollinator"
"3116","Melangyna lasiophthalma","Pollinator"
"3117","Tachina ursina","Pollinator"
"3118","Phorbia curvicauda","Pollinator"
"3119","Helina latitarsis","Pollinator"
"3120","Cheilosia carbonaria","Pollinator"
"3121","Cyrtophleba ruricola","Pollinator"
"3122","Synactia parvula","Pollinator"
"3123","Andrena ruficrus","Pollinator"
"3124","Macquartia grisea","Pollinator"
"3125","Bellardia pandia","Pollinator"
"3126","Pipizella annulata","Pollinator"
"3127","Stevenia atramentaria","Pollinator"
"3128","Sarcophaga haemorrhoa","Pollinator"
"3129","Cyzenis jucunda","Pollinator"
"3130","Calliphora vomitoria","Pollinator"
"3131","Epicampocera succincta","Pollinator"
"3132","Euphydryas aurinia","Pollinator"
"3133","Blera fallax","Pollinator"
"3134","Peribaea tibialis","Pollinator"
"3135","Sarcophaga dissimilis","Pollinator"
"3136","Lysandra bellargus","Pollinator"
"3137","Bicellaria austriaca","Pollinator"
"3138","Platycheirus europaeus","Pollinator"
"3139","Euleia rotundiventris","Pollinator"
"3140","Pseudopanthera macularia","Pollinator"
"3141","Pipiza fasciata","Pollinator"
"3142","Delia angustiventris","Pollinator"
"3143","Solieria inanis","Pollinator"
"3144","Azelia cilipes","Pollinator"
"3145","Hybos culiciformis","Pollinator"
"3146","Autographa bractea","Pollinator"
"3147","Linnaemya vulpina","Pollinator"
"3148","Hydrotaea pandellei","Pollinator"
"3149","Hybos grossipes","Pollinator"
"3150","Parnassius apollo","Pollinator"
"3151","Gastrolepta anthracina","Pollinator"
"3152","Fannia mollissima","Pollinator"
"3153","Neocnemodon pubescens","Pollinator"
"3154","Hylemya nigrimanus","Pollinator"
"3155","Perizoma blandiata","Pollinator"
"3156","Calliphora subalpina","Pollinator"
"3157","Dolichopus propinquus","Pollinator"
"3158","Sarcophaga emdeni","Pollinator"
"3159","Chiastocheta rotundiventris","Pollinator"
"3160","Beris clavipes","Pollinator"
"3161","Sepsis orthocnemis","Pollinator"
"3162","Trypetoptera punctulata","Pollinator"
"3163","Empis simulium","Pollinator"
"3164","Thricops genarum","Pollinator"
"3165","Hylaea fasciaria","Pollinator"
"3166","Alliopsis silvestris","Pollinator"
"3167","Triphleba citreiformis","Pollinator"
"3168","Calliphora loewi","Pollinator"
"3169","Onychogonia flaviceps","Pollinator"
"3170","Pollenia labialis","Pollinator"
"3171","Pyrausta aurata","Pollinator"
"3172","Phorbia fascicularis","Pollinator"
"3173","Phaonia chalinata","Pollinator"
"3174","Platypalpus pseudorapidus","Pollinator"
"3175","Scaptomyza pallida","Pollinator"
"3176","Thricops aculeipes","Pollinator"
"3177","Cheilosia ahenea","Pollinator"
"3178","Helina evecta","Pollinator"
"3179","Cheilosia melanopa","Pollinator"
"3180","Paramacronychia flavipalpis","Pollinator"
"3181","Pelecocera scaevoides","Pollinator"
"3182","Botanophila tuxeni","Pollinator"
"3183","Araschnia levana","Pollinator"
"3184","Siphona boreata","Pollinator"
"3185","Lonchoptera lutea","Pollinator"
"3186","Empis hirta","Pollinator"
"3187","Megaselia sordida","Pollinator"
"3188","Empis florisomna","Pollinator"
"3189","Sympycnus aeneicoxa","Pollinator"
"3190","Eurithia connivens","Pollinator"
"3191","Onychogonia suggesta","Pollinator"
"3192","Megaselia latifemorata","Pollinator"
"3193","Fannia ringdahlana","Pollinator"
"3194","Leptocera fontinalis","Pollinator"
"3195","Phaonia jugorum","Pollinator"
"3196","Euthycera fumigata","Pollinator"
"3197","Mydaea corni","Pollinator"
"3198","Eggisops pecchiolii","Pollinator"
"3199","Phora holosericea","Pollinator"
"3200","Helina annosa","Pollinator"
"3201","Delia pseudofugax","Pollinator"
"3202","Spiniphora strobli","Pollinator"
"3203","Cheilosia semifasciata","Pollinator"
"3204","Scathophaga lutaria","Pollinator"
"3205","Empis bistortae","Pollinator"
"3206","Helina atricolor","Pollinator"
"3207","Sphaerocera curvipes","Pollinator"
"3208","Opomyza florum","Pollinator"
"3209","Trixa conspersa","Pollinator"
"3210","Scathophaga furcata","Pollinator"
"3211","Hilara scrobiculata","Pollinator"
"3212","Thricops sudeticus","Pollinator"
"3213","Empis scotica","Pollinator"
"3214","Botanophila discreta","Pollinator"
"3215","Botanophila rubrifrons","Pollinator"
"3216","Delina nigrita","Pollinator"
"3217","Rhagio notatus","Pollinator"
"3218","Bellardia stricta","Pollinator"
"3219","Erebia oeme","Pollinator"
"3220","Helina maculipennis","Pollinator"
"3221","Lasioglossum bavaricum","Pollinator"
"3222","Adscita geryon","Pollinator"
"3223","Chrysopilus asiliformis","Pollinator"
"3224","Helina obscurata","Pollinator"
"3225","Phaonia zugmayeriae","Pollinator"
"3226","Paregle atrisquama","Pollinator"
"3227","Loewia nudigena","Pollinator"
"3228","Pyrausta aerealis","Pollinator"
"3229","Rhamphomyia heterochroma","Pollinator"
"3230","Udea uliginosalis","Pollinator"
"3231","Chersotis ocellina","Pollinator"
"3232","Colias phicomone","Pollinator"
"3233","Helina cinerella","Pollinator"
"3234","Psodos quadrifaria","Pollinator"
"3235","Tryphera lugubris","Pollinator"
"3236","Rhamphomyia strobli","Pollinator"
"3237","Erebia pandrose","Pollinator"
"3238","Osmia inermis","Pollinator"
"3239","Periscepsia spathulata","Pollinator"
"3240","Xanthorhoe decoloraria","Pollinator"
"3241","Myopa testacea","Pollinator"
"3242","Pherbellia cinerella","Pollinator"
"3243","Tenthredo mesomela","Pollinator"
"3244","Halictus tetrazonius","Pollinator"
"3245","Sepsis neocynipsea","Pollinator"
"3246","Phratora vulgatissima","Pollinator"
"3247","Lasioglossum dusmeti","Pollinator"
"3248","Andrena suerinensis","Pollinator"
"3249","Podalonia tydei","Pollinator"
"3250","Lytta vesicatoria","Pollinator"
"3251","Mylabris variabilis","Pollinator"
"3252","Systoechus gradatus","Pollinator"
"3253","Erebia triarius","Pollinator"
"3254","Argynnis pandora","Pollinator"
"3255","Lasioglossum subfasciatum","Pollinator"
"3256","Pontia daplidice","Pollinator"
"3257","Acmaeoderella coarctata","Pollinator"
"3258","Hemipenthes hamifera","Pollinator"
"3259","Dilophus minor","Pollinator"
"3260","Heliopathes lusitanicus","Pollinator"
"3261","Tetramorium impurum","Pollinator"
"3262","Dasypoda morotei","Pollinator"
"3263","Merodon crypticus","Pollinator"
"3264","Spilostethus saxatilis","Pollinator"
"3265","Colias alfacariensis","Pollinator"
"3266","Camptopus lateralis","Pollinator"
"3267","Enicopus pilosus","Pollinator"
"3268","Hipparchia hermione","Pollinator"
"3269","Podarcis lilfordi","Pollinator"
"3270","Ancistrocerus ebusianus","Pollinator"
"3271","Utetheisa pulchella","Pollinator"
"3272","Anthophora atriceps","Pollinator"
"3273","Polyommatus celina","Pollinator"
"3274","Dasytes nigroaeneus","Pollinator"
"3275","Dilophus antipedalis","Pollinator"
"3276","Ischnura elegans","Pollinator"
"3277","Stomoxys calcitrans","Pollinator"
"3278","Exhyalanthrax afer","Pollinator"
"3279","Tapinoma nigerrimum","Pollinator"
"3280","Anthophora canescens","Pollinator"
"3281","Macrolenes dentipes","Pollinator"
"3282","Eucera rufa","Pollinator"
"3283","Dionaea aurifrons","Pollinator"
"3284","Leptotes pirithous","Pollinator"
"3285","Meria tripunctata","Pollinator"
"3286","Prionyx viduatus","Pollinator"
"3287","Sphex funerarius","Pollinator"
"3288","Anthophora balearica","Pollinator"
"3289","Ancistrocerus longispinosus","Pollinator"
"3290","Dasyscolia ciliata","Pollinator"
"3291","Melecta luctuosa","Pollinator"
"3292","Fucellia tergina","Pollinator"
"3293","Hydromya dorsalis","Pollinator"
"3294","Pyrellia vivida","Pollinator"
"3295","Urophora quadrifasciata","Pollinator"
"3296","Lydella thompsoni","Pollinator"
"3297","Dioxys cinctus","Pollinator"
"3298","Eucera oraniensis","Pollinator"
"3299","Exoprosopa italica","Pollinator"
"3300","Crematogaster scutellaris","Pollinator"
"3301","Hydrotaea capensis","Pollinator"
"3302","Seladonia microcardia","Pollinator"
"3303","Horistus orientalis","Pollinator"
"3304","Larinus iaceae","Pollinator"
"3305","Larinus ursus","Pollinator"
"3306","Megascolia bidens","Pollinator"
"3307","Syromastus rhombeus","Pollinator"
"3308","Euodynerus minoricensis","Pollinator"
"3309","Psilothrix melanostoma","Pollinator"
"3310","Dicranocephalus agilis","Pollinator"
"3311","Pyronia cecilia","Pollinator"
"3312","Deuteragenia variegata","Pollinator"
"3313","Dasyphora albofasciata","Pollinator"
"3314","Entomobora fuscipennis","Pollinator"
"3315","Paragus strigatus","Pollinator"
"3316","Hyalesthes scotti","Pollinator"
"3317","Melanogaster aerosa","Pollinator"
"3318","Syritta flaviventris","Pollinator"
"3319","Colletes gallicus","Pollinator"
"3320","Stilbum cyanurum","Pollinator"
"3321","Coeliodes cinctus","Pollinator"
"3322","Lygus pratensis","Pollinator"
"3323","Variimorda villosa","Pollinator"
"3324","Notoxus monoceros","Pollinator"
"3325","Calocoris nemoralis","Pollinator"
"3326","Heliothis nubigera","Pollinator"
"3327","Stictoleptura cordigera","Pollinator"
"3328","Acanthoscelides obtectus","Pollinator"
"3329","Ichneumon sarcitorius","Pollinator"
"3330","Anthidium cingulatum","Pollinator"
"3331","Phaonia subventa","Pollinator"
"3332","Stenopterus ater","Pollinator"
"3333","Clairvillia pninae","Pollinator"
"3334","Stenotus binotatus","Pollinator"
"3335","Tettigonia viridissima","Pollinator"
"3336","Thaumatomyia notata","Pollinator"
"3337","Myopa extricata","Pollinator"
"3338","Bruchidius lividimanus","Pollinator"
"3339","Attalus varitarsis","Pollinator"
"3340","Exorista decidua","Pollinator"
"3341","Heterocapillus tigripes","Pollinator"
"3342","Attalus lusitanicus","Pollinator"
"3343","Mecinus pascuorum","Pollinator"
"3344","Acmaeodera cylindrica","Pollinator"
"3345","Eucera numida","Pollinator"
"3346","Chrysolina bankii","Pollinator"
"3347","Anoplius nigerrimus","Pollinator"
"3348","Lachnaia vicina","Pollinator"
"3349","Hydrotaea meteorica","Pollinator"
"3350","Acontia lucida","Pollinator"
"3351","Hydrotaea ignava","Pollinator"
"3352","Anthaxia scutellaris","Pollinator"
"3353","Microdynerus timidus","Pollinator"
"3354","Lasiommata megera","Pollinator"
"3355","Chrysis ignita","Pollinator"
"3356","Trichodes leucopsideus","Pollinator"
"3357","Musca tempestiva","Pollinator"
"3358","Andrena nigroolivacea","Pollinator"
"3359","Stizus fasciatus","Pollinator"
"3360","Loboptera decipiens","Pollinator"
"3361","Carpocoris mediterraneus","Pollinator"
"3362","Colletes collaris","Pollinator"
"3363","Monostegia abdominalis","Pollinator"
"3364","Dociostaurus maroccanus","Pollinator"
"3365","Anthrenus coloratus","Pollinator"
"3366","Acanthiophilus helianthi","Pollinator"
"3367","Eucera albofasciata","Pollinator"
"3368","Andrena albopunctata","Pollinator"
"3369","Euchloe ausonia","Pollinator"
"3370","Andrena biarmica","Pollinator"
"3371","Sphex flavipennis","Pollinator"
"3372","Bombylius fulvescens","Pollinator"
"3373","Andrena fulvitarsis","Pollinator"
"3374","Zygaena laeta","Pollinator"
"3375","Megachile manicata","Pollinator"
"3376","Cerceris media","Pollinator"
"3377","Heteralonia megerlei","Pollinator"
"3378","Exoprosopa minois","Pollinator"
"3379","Andrena pareklisiae","Pollinator"
"3380","Eumerus pulchellus","Pollinator"
"3381","Zygaena punctum","Pollinator"
"3382","Dasypoda pyriformis","Pollinator"
"3383","Bombylius trichurus","Pollinator"
"3384","Merodon spinitarsis","Pollinator"
"3385","Eucera squamosa","Pollinator"
"3386","Osmia subcornuta","Pollinator"
"3387","Phthiria subnitens","Pollinator"
"3388","Eucera terminata","Pollinator"
"3389","Ceratina acuta","Pollinator"
"3390","Colletes albomaculatus","Pollinator"
"3391","Bombylisoma breviusculum","Pollinator"
"3392","Merodon clavipes","Pollinator"
"3393","Exoprosopa grandis","Pollinator"
"3394","Thyridanthrax incanus","Pollinator"
"3395","Megachile lefebvrei","Pollinator"
"3396","Osmia niveocincta","Pollinator"
"3397","Stelis odontopyga","Pollinator"
"3398","Heriades punctulifera","Pollinator"
"3399","Pseudoanthidium stigmaticorne","Pollinator"
"3400","Pseudophilotes baton","Pollinator"
"3401","Thymelicus acteon","Pollinator"
"3402","Celonites cyprius","Pollinator"
"3403","Anthophora dubia","Pollinator"
"3404","Cerceris flavicornis","Pollinator"
"3405","Oedemera graeca","Pollinator"
"3406","Anthaxia lucens","Pollinator"
"3407","Nomioides minutissimus","Pollinator"
"3408","Palmodes occitanicus","Pollinator"
"3409","Lomatia polyzona","Pollinator"
"3410","Andrena schulzi","Pollinator"
"3411","Andrena scita","Pollinator"
"3412","Merodon albifasciatus","Pollinator"
"3413","Carcharodus alceae","Pollinator"
"3414","Halictus asperulus","Pollinator"
"3415","Coelioxys brevis","Pollinator"
"3416","Afranthidium carduele","Pollinator"
"3417","Stelis denticulata","Pollinator"
"3418","Megachile farinosa","Pollinator"
"3419","Fallenia fasciata","Pollinator"
"3420","Megachile fertoni","Pollinator"
"3421","Tetralonia graja","Pollinator"
"3422","Melanargia larissa","Pollinator"
"3423","Amegilla ochroleuca","Pollinator"
"3424","Halictus resurgens","Pollinator"
"3425","Megachile semicircularis","Pollinator"
"3426","Hoplitis strymonia","Pollinator"
"3427","Tilloidea transversalis","Pollinator"
"3428","Cordylepherus viridis","Pollinator"
"3429","Andrena hesperia","Pollinator"
"3430","Halictus holomelaenus","Pollinator"
"3431","Andrena kriechbaumeri","Pollinator"
"3432","Xylocopa olivieri","Pollinator"
"3433","Paragus quadrifasciatus","Pollinator"
"3434","Anthophora robusta","Pollinator"
"3435","Lasioglossum haesitans","Pollinator"
"3436","Andrena lamiana","Pollinator"
"3437","Anthophora mucida","Pollinator"
"3438","Seladonia pulverea","Pollinator"
"3439","Pygopleurus vulpes","Pollinator"
"3440","Glaucopsyche alexis","Pollinator"
"3441","Tetralonia alticincta","Pollinator"
"3442","Colletes cariniger","Pollinator"
"3443","Colletes eous","Pollinator"
"3444","Villa fasciata","Pollinator"
"3445","Leucospis gigas","Pollinator"
"3446","Defilippia minos","Pollinator"
"3447","Stelis nasuta","Pollinator"
"3448","Sphex pruinosus","Pollinator"
"3449","Chrysis splendidula","Pollinator"
"3450","Dasytes striatulus","Pollinator"
"3451","Anthrax trifasciatus","Pollinator"
"3452","Spogostylum tripunctatum","Pollinator"
"3453","Delta unguiculatum","Pollinator"
"3454","Habropoda zonatula","Pollinator"
"3455","Andrena asiatica","Pollinator"
"3456","Villa distincta","Pollinator"
"3457","Merodon erivanicus","Pollinator"
"3458","Scolia fallax","Pollinator"
"3459","Nomada glaberrima","Pollinator"
"3460","Chrysura graja","Pollinator"
"3461","Osmia laticauda","Pollinator"
"3462","Ectophasia leucoptera","Pollinator"
"3463","Merodon megavidus","Pollinator"
"3464","Macrophya postica","Pollinator"
"3465","Hofferia schmiedeknechti","Pollinator"
"3466","Nemoptera sinuata","Pollinator"
"3467","Cerceris specularis","Pollinator"
"3468","Eumerus sulcitibius","Pollinator"
"3469","Eucera vulpes","Pollinator"
"3470","Eucera algira","Pollinator"
"3471","Lasioglossum dolichocephalum","Pollinator"
"3472","Chrysis kolazyi","Pollinator"
"3473","Merodon chalybeus","Pollinator"
"3474","Sphecodes nomioidis","Pollinator"
"3475","Seladonia vestita","Pollinator"
"3476","Hydrothassa glabra","Pollinator"
"3477","Triglyphus primus","Pollinator"
"3478","Pyrrhocoris apterus","Pollinator"
"3479","Cantharis nigricans","Pollinator"
"3480","Dinoptera collaris","Pollinator"
"3481","Deraeocoris ruber","Pollinator"
"3482","Mellicta aurelia","Pollinator"
"3483","Rhopalus parumpunctatus","Pollinator"
"3484","Oedemera podagrariae","Pollinator"
"3485","Cryptocephalus sericeus","Pollinator"
"3486","Subcoccinella vigintiquatuorpunctata","Pollinator"
"3487","Pachytodes cerambyciformis","Pollinator"
"3488","Campiglossa loewiana","Pollinator"
"3489","Panurginus labiatus","Pollinator"
"3490","Cantharis pellucida","Pollinator"
"3491","Mesembrina meridiana","Pollinator"
"3492","Helina trivittata","Pollinator"
"3493","Hylaeus rinki","Pollinator"
"3494","Thecophora fulvipes","Pollinator"
"3495","Pyrellia rapax","Pollinator"
"3496","Rhyncomya peusi","Pollinator"
"3497","Seladonia gavarnica","Pollinator"
"3498","Ortalischema albitarse","Pollinator"
"3499","Pimpla contemplator","Pollinator"
"3500","Anisosticta novemdecimpunctata","Pollinator"
"3501","Helina pubiseta","Pollinator"
"3502","Phaonia palpata","Pollinator"
"3503","Arge nigripes","Pollinator"
"3504","Dioctria atricapilla","Pollinator"
"3505","Chrysogaster mediterraneus","Pollinator"
"3506","Phaonia errans","Pollinator"
"3507","Phaonia rufiventris","Pollinator"
"3508","Athalia cordata","Pollinator"
"3509","Andrena sardoa","Pollinator"
"3510","Antlemon halidayi","Pollinator"
"3511","Bruchidius bimaculatus","Pollinator"
"3512","Bruchidius meleagrinus","Pollinator"
"3513","Bruchidius seminarius","Pollinator"
"3514","Clanoptilus abdominalis","Pollinator"
"3515","Cleopomiarus plantarum","Pollinator"
"3516","Crematogaster laestrygon","Pollinator"
"3517","Dasytes tristiculus","Pollinator"
"3518","Sarcophaga ferox","Pollinator"
"3519","Anthaxia dimidiata","Pollinator"
"3520","Bruchidius biguttatus","Pollinator"
"3521","Cataglyphis ruber","Pollinator"
"3522","Danacea pygmaea","Pollinator"
"3523","Lepidargyrus ancorifer","Pollinator"
"3524","Sarcophaga villeneuveana","Pollinator"
"3525","Spermophagus sericeus","Pollinator"
"3526","Trachysiphonella scutellata","Pollinator"
"3527","Closterotomus trivialis","Pollinator"
"3528","Oscinimorpha longirostris","Pollinator"
"3529","Suillia affinis","Pollinator"
"3530","Camilla atrimanus","Pollinator"
"3531","Empis genualis","Pollinator"
"3532","Aplomya confinis","Pollinator"
"3533","Evagetes siculus","Pollinator"
"3534","Lachnaia paradoxa","Pollinator"
"3535","Ortochile nigrocoerulea","Pollinator"
"3536","Sarcophaga minima","Pollinator"
"3537","Sarcophaga novercoides","Pollinator"
"3538","Tephritis praecox","Pollinator"
"3539","Capitites ramulosa","Pollinator"
"3540","Sarcophaga filia","Pollinator"
"3541","Exoprosopa bowdeni","Pollinator"
"3542","Prionyx lividocinctus","Pollinator"
"3543","Nomada concolor","Pollinator"
"3544","Anthomyia confusanea","Pollinator"
"3545","Clausicella suturata","Pollinator"
"3546","Dasytes terminalis","Pollinator"
"3547","Hyalesthes obsoletus","Pollinator"
"3548","Parascatopse minutissima","Pollinator"
"3549","Phthiria pulicaria","Pollinator"
"3550","Sarcophaga uncicurva","Pollinator"
"3551","Stomina calvescens","Pollinator"
"3552","Anthrenus pimpinellae","Pollinator"
"3553","Chrysomya albiceps","Pollinator"
"3554","Aplocnemus limbipennis","Pollinator"
"3555","Silba fumosa","Pollinator"
"3556","Corizus hyoscyami","Pollinator"
"3557","Melecta italica","Pollinator"
"3558","Anthrenus angustefasciatus","Pollinator"
"3559","Anthrenus goliath","Pollinator"
"3560","Olibrus bicolor","Pollinator"
"3561","Forcipomyia aristolochiae","Pollinator"
"3562","Anthaxia nigritula","Pollinator"
"3563","Anthrenus munroi","Pollinator"
"3564","Epistrophe flava","Pollinator"
"3565","Spermophagus kuesteri","Pollinator"
"3566","Spermophagus calystegiae","Pollinator"
"3567","Trachysiphonella ruficeps","Pollinator"
"3568","Andrena verticalis","Pollinator"
"3569","Chlorophorus trifasciatus","Pollinator"
"3570","Eumenes mediterraneus","Pollinator"
"3571","Graphosoma italicum","Pollinator"
"3572","Tenthredo meridiana","Pollinator"
"3573","Gonia atra","Pollinator"
"3574","Monomorium salomonis","Pollinator"
"3575","Oedemera crassipes","Pollinator"
"3576","Campiglossa producta","Pollinator"
"3577","Protosmia minutula","Pollinator"
"3578","Sarcophaga bezziana","Pollinator"
"3579","Auletobius pubescens","Pollinator"
"3580","Pollenia leclercqiana","Pollinator"
"3581","Psilota exilistyla","Pollinator"
"3582","Bruchidius tibialis","Pollinator"
"3583","Anaspis pulicaria","Pollinator"
"3584","Anthaxia millefolii","Pollinator"
"3585","Bruchidius albolineatus","Pollinator"
"3586","Sitochroa palealis","Pollinator"
"3587","Muscina prolapsa","Pollinator"
"3588","Rhynocoris erythropus","Pollinator"
"3589","Camponotus lateralis","Pollinator"
"3590","Sarcophila meridionalis","Pollinator"
"3591","Anthaxia parallela","Pollinator"
"3592","Anthaxia rugicollis","Pollinator"
"3593","Hydrellia griseola","Pollinator"
"3594","Sarcophaga rozkosnyi","Pollinator"
"3595","Globicornis bifasciata","Pollinator"
"3596","Neochalcis fertoni","Pollinator"
"3597","Phyto melanocephala","Pollinator"
"3598","Anthaxia funerula","Pollinator"
"3599","Isophrictis kefersteiniellus","Pollinator"
"3600","Acmaeoderella discoida","Pollinator"
"3601","Hebia flavipes","Pollinator"
"3602","Hydrotaea armipes","Pollinator"
"3603","Lucilia illustris","Pollinator"
"3604","Phorocera assimilis","Pollinator"
"3605","Dicranomyia sericata","Pollinator"
"3606","Meigenia majuscula","Pollinator"
"3607","Bruchus tristiculus","Pollinator"
"3608","Ectobius pallidus","Pollinator"
"3609","Priocnemis propinqua","Pollinator"
"3610","Amblyteles armatorius","Pollinator"
"3611","Sarcophaga nigriventris","Pollinator"
"3612","Larinus sturnus","Pollinator"
"3613","Eumerus dubius","Pollinator"
"3614","Melecta duodecimmaculata","Pollinator"
"3615","Danacea ziczac","Pollinator"
"3616","Phalacrus corruscus","Pollinator"
"3617","Psilopa nitidula","Pollinator"
"3618","Crossocerus elongatulus","Pollinator"
"3619","Psila rosae","Pollinator"
"3620","Acmaeodera bipunctata","Pollinator"
"3621","Acmaeodera rubromaculata","Pollinator"
"3622","Cryptocheilus versicolor","Pollinator"
"3623","Cerceris quadricincta","Pollinator"
"3624","Entomobora crassitarsis","Pollinator"
"3625","Pseudogonia rufifrons","Pollinator"
"3626","Rhynchalastor fastidiosissimus","Pollinator"
"3627","Dioctria flavicincta","Pollinator"
"3628","Andrena binominata","Pollinator"
"3629","Gasteruption hastator","Pollinator"
"3630","Byrrhus pustulatus","Pollinator"
"3631","Dicranocephalus marginicollis","Pollinator"
"3632","Hoplitis ravouxi","Pollinator"
"3633","Lasioglossum algericolellum","Pollinator"
"3634","Chrysura rufiventris","Pollinator"
